<?xml version="1.0" encoding="utf-8"?><?xml-stylesheet type='text/xsl' href='STIG_unclass.xsl'?><Benchmark xmlns:dsig="http://www.w3.org/2000/09/xmldsig#" xmlns:xsi="http://www.w3.org/2001/XMLSchema-instance" xmlns:cpe="http://cpe.mitre.org/language/2.0" xmlns:xhtml="http://www.w3.org/1999/xhtml" xmlns:dc="http://purl.org/dc/elements/1.1/" id="JRE_8_and_UNIX_STIG" xml:lang="en" xsi:schemaLocation="http://checklists.nist.gov/xccdf/1.1 http://nvd.nist.gov/schema/xccdf-1.1.4.xsd http://cpe.mitre.org/dictionary/2.0 http://cpe.mitre.org/files/cpe-dictionary_2.1.xsd" xmlns="http://checklists.nist.gov/xccdf/1.1"><status date="2017-09-27">accepted</status><title>Java Runtime Environment (JRE) version 8 STIG for Unix</title><description>The Java Runtime Environment (JRE) is a bundle developed and offered by Oracle Corporation which includes the Java Virtual Machine (JVM), class libraries, and other components necessary to run Java applications and applets.  Certain default settings within the JRE pose a security risk so it is necessary to deploy system wide properties to ensure a higher degree of security when utilizing the JRE.</description><notice id="terms-of-use" xml:lang="en"></notice><reference href="http://iase.disa.mil"><dc:publisher>DISA</dc:publisher><dc:source>STIG.DOD.MIL</dc:source></reference><plain-text id="release-info">Release: 3 Benchmark Date: 27 Oct 2017</plain-text><version>1</version><Profile id="MAC-1_Classified"><title>I - Mission Critical Classified</title><description>&lt;ProfileDescription&gt;&lt;/ProfileDescription&gt;</description><select idref="V-66721" selected="true" /><select idref="V-66909" selected="true" /><select idref="V-66911" selected="true" /><select idref="V-66913" selected="true" /><select idref="V-66915" selected="true" /><select idref="V-66917" selected="true" /><select idref="V-66919" selected="true" /><select idref="V-66921" selected="true" /><select idref="V-66923" selected="true" /><select idref="V-66925" selected="true" /><select idref="V-66927" selected="true" /><select idref="V-66929" selected="true" /><select idref="V-66931" selected="true" /><select idref="V-66933" selected="true" /><select idref="V-66935" selected="true" /><select idref="V-66937" selected="true" /></Profile><Profile id="MAC-1_Public"><title>I - Mission Critical Public</title><description>&lt;ProfileDescription&gt;&lt;/ProfileDescription&gt;</description><select idref="V-66721" selected="true" /><select idref="V-66909" selected="true" /><select idref="V-66911" selected="true" /><select idref="V-66913" selected="true" /><select idref="V-66915" selected="true" /><select idref="V-66917" selected="true" /><select idref="V-66919" selected="true" /><select idref="V-66921" selected="true" /><select idref="V-66923" selected="true" /><select idref="V-66925" selected="true" /><select idref="V-66927" selected="true" /><select idref="V-66929" selected="true" /><select idref="V-66931" selected="true" /><select idref="V-66933" selected="true" /><select idref="V-66935" selected="true" /><select idref="V-66937" selected="true" /></Profile><Profile id="MAC-1_Sensitive"><title>I - Mission Critical Sensitive</title><description>&lt;ProfileDescription&gt;&lt;/ProfileDescription&gt;</description><select idref="V-66721" selected="true" /><select idref="V-66909" selected="true" /><select idref="V-66911" selected="true" /><select idref="V-66913" selected="true" /><select idref="V-66915" selected="true" /><select idref="V-66917" selected="true" /><select idref="V-66919" selected="true" /><select idref="V-66921" selected="true" /><select idref="V-66923" selected="true" /><select idref="V-66925" selected="true" /><select idref="V-66927" selected="true" /><select idref="V-66929" selected="true" /><select idref="V-66931" selected="true" /><select idref="V-66933" selected="true" /><select idref="V-66935" selected="true" /><select idref="V-66937" selected="true" /></Profile><Profile id="MAC-2_Classified"><title>II - Mission Support Classified</title><description>&lt;ProfileDescription&gt;&lt;/ProfileDescription&gt;</description><select idref="V-66721" selected="true" /><select idref="V-66909" selected="true" /><select idref="V-66911" selected="true" /><select idref="V-66913" selected="true" /><select idref="V-66915" selected="true" /><select idref="V-66917" selected="true" /><select idref="V-66919" selected="true" /><select idref="V-66921" selected="true" /><select idref="V-66923" selected="true" /><select idref="V-66925" selected="true" /><select idref="V-66927" selected="true" /><select idref="V-66929" selected="true" /><select idref="V-66931" selected="true" /><select idref="V-66933" selected="true" /><select idref="V-66935" selected="true" /><select idref="V-66937" selected="true" /></Profile><Profile id="MAC-2_Public"><title>II - Mission Support Public</title><description>&lt;ProfileDescription&gt;&lt;/ProfileDescription&gt;</description><select idref="V-66721" selected="true" /><select idref="V-66909" selected="true" /><select idref="V-66911" selected="true" /><select idref="V-66913" selected="true" /><select idref="V-66915" selected="true" /><select idref="V-66917" selected="true" /><select idref="V-66919" selected="true" /><select idref="V-66921" selected="true" /><select idref="V-66923" selected="true" /><select idref="V-66925" selected="true" /><select idref="V-66927" selected="true" /><select idref="V-66929" selected="true" /><select idref="V-66931" selected="true" /><select idref="V-66933" selected="true" /><select idref="V-66935" selected="true" /><select idref="V-66937" selected="true" /></Profile><Profile id="MAC-2_Sensitive"><title>II - Mission Support Sensitive</title><description>&lt;ProfileDescription&gt;&lt;/ProfileDescription&gt;</description><select idref="V-66721" selected="true" /><select idref="V-66909" selected="true" /><select idref="V-66911" selected="true" /><select idref="V-66913" selected="true" /><select idref="V-66915" selected="true" /><select idref="V-66917" selected="true" /><select idref="V-66919" selected="true" /><select idref="V-66921" selected="true" /><select idref="V-66923" selected="true" /><select idref="V-66925" selected="true" /><select idref="V-66927" selected="true" /><select idref="V-66929" selected="true" /><select idref="V-66931" selected="true" /><select idref="V-66933" selected="true" /><select idref="V-66935" selected="true" /><select idref="V-66937" selected="true" /></Profile><Profile id="MAC-3_Classified"><title>III - Administrative Classified</title><description>&lt;ProfileDescription&gt;&lt;/ProfileDescription&gt;</description><select idref="V-66721" selected="true" /><select idref="V-66909" selected="true" /><select idref="V-66911" selected="true" /><select idref="V-66913" selected="true" /><select idref="V-66915" selected="true" /><select idref="V-66917" selected="true" /><select idref="V-66919" selected="true" /><select idref="V-66921" selected="true" /><select idref="V-66923" selected="true" /><select idref="V-66925" selected="true" /><select idref="V-66927" selected="true" /><select idref="V-66929" selected="true" /><select idref="V-66931" selected="true" /><select idref="V-66933" selected="true" /><select idref="V-66935" selected="true" /><select idref="V-66937" selected="true" /></Profile><Profile id="MAC-3_Public"><title>III - Administrative Public</title><description>&lt;ProfileDescription&gt;&lt;/ProfileDescription&gt;</description><select idref="V-66721" selected="true" /><select idref="V-66909" selected="true" /><select idref="V-66911" selected="true" /><select idref="V-66913" selected="true" /><select idref="V-66915" selected="true" /><select idref="V-66917" selected="true" /><select idref="V-66919" selected="true" /><select idref="V-66921" selected="true" /><select idref="V-66923" selected="true" /><select idref="V-66925" selected="true" /><select idref="V-66927" selected="true" /><select idref="V-66929" selected="true" /><select idref="V-66931" selected="true" /><select idref="V-66933" selected="true" /><select idref="V-66935" selected="true" /><select idref="V-66937" selected="true" /></Profile><Profile id="MAC-3_Sensitive"><title>III - Administrative Sensitive</title><description>&lt;ProfileDescription&gt;&lt;/ProfileDescription&gt;</description><select idref="V-66721" selected="true" /><select idref="V-66909" selected="true" /><select idref="V-66911" selected="true" /><select idref="V-66913" selected="true" /><select idref="V-66915" selected="true" /><select idref="V-66917" selected="true" /><select idref="V-66919" selected="true" /><select idref="V-66921" selected="true" /><select idref="V-66923" selected="true" /><select idref="V-66925" selected="true" /><select idref="V-66927" selected="true" /><select idref="V-66929" selected="true" /><select idref="V-66931" selected="true" /><select idref="V-66933" selected="true" /><select idref="V-66935" selected="true" /><select idref="V-66937" selected="true" /></Profile><Group id="V-66721"><title>SRG-APP-000516</title><description>&lt;GroupDescription&gt;&lt;/GroupDescription&gt;</description><Rule id="SV-81211r1_rule" severity="medium" weight="10.0"><version>JRE8-UX-000010</version><title>Oracle JRE 8 must have a deployment.config file present.</title><description>&lt;VulnDiscussion&gt;By default no deployment.config file exists; thus, no system-wide deployment.properties file exists.  The file must be created. The deployment.config file is used for specifying the location and execution of system-level properties for the Java Runtime Environment. Without the deployment.config file, setting particular options for the Java control panel is impossible.&lt;/VulnDiscussion&gt;&lt;FalsePositives&gt;&lt;/FalsePositives&gt;&lt;FalseNegatives&gt;&lt;/FalseNegatives&gt;&lt;Documentable&gt;false&lt;/Documentable&gt;&lt;Mitigations&gt;&lt;/Mitigations&gt;&lt;SeverityOverrideGuidance&gt;&lt;/SeverityOverrideGuidance&gt;&lt;PotentialImpacts&gt;&lt;/PotentialImpacts&gt;&lt;ThirdPartyTools&gt;&lt;/ThirdPartyTools&gt;&lt;MitigationControl&gt;&lt;/MitigationControl&gt;&lt;Responsibility&gt;&lt;/Responsibility&gt;&lt;IAControls&gt;&lt;/IAControls&gt;</description><reference><dc:title>DPMS Target JRE 8 (1.8)</dc:title><dc:publisher>DISA</dc:publisher><dc:type>DPMS Target</dc:type><dc:subject>JRE 8 (1.8)</dc:subject><dc:identifier>3045</dc:identifier></reference><ident system="http://iase.disa.mil/cci">CCI-000366</ident><fixtext fixref="F-72821r1_fix">Create a JRE deployment configuration file as indicated:

/etc/.java/deployment/deployment.config</fixtext><fix id="F-72821r1_fix" /><check system="C-67371r1_chk"><check-content-ref name="M" href="DPMS_XCCDF_Benchmark_JRE 8 and UNIX STIG.xml" /><check-content>Verify a JRE deployment configuration file exists as indicated:

/etc/.java/deployment/deployment.config

If the configuration file does not exist as indicated, this is a finding.</check-content></check></Rule></Group><Group id="V-66909"><title>SRG-APP-000516</title><description>&lt;GroupDescription&gt;&lt;/GroupDescription&gt;</description><Rule id="SV-81399r2_rule" severity="medium" weight="10.0"><version>JRE8-UX-000020</version><title>Oracle JRE 8 deployment.config file must contain proper keys and values.</title><description>&lt;VulnDiscussion&gt;The deployment.config  configuration file contains two keys.  

The "deployment.properties" key includes the path of the "deployment.properties" file and the "deployment.properties.mandatory" key contains either a TRUE or FALSE value.  
 
If the path specified to "deployment.properties" does not lead to a "deployment.properties" file, the value of the “deployment.system.config.mandatory” key determines how JRE will handle the situation.  

If the value of the "deployment.system.config.mandatory" key is TRUE and if the path to the "deployment.properties" file is invalid, the JRE will not allow Java applications to run.   This is the desired behavior.&lt;/VulnDiscussion&gt;&lt;FalsePositives&gt;&lt;/FalsePositives&gt;&lt;FalseNegatives&gt;&lt;/FalseNegatives&gt;&lt;Documentable&gt;false&lt;/Documentable&gt;&lt;Mitigations&gt;&lt;/Mitigations&gt;&lt;SeverityOverrideGuidance&gt;&lt;/SeverityOverrideGuidance&gt;&lt;PotentialImpacts&gt;&lt;/PotentialImpacts&gt;&lt;ThirdPartyTools&gt;&lt;/ThirdPartyTools&gt;&lt;MitigationControl&gt;&lt;/MitigationControl&gt;&lt;Responsibility&gt;&lt;/Responsibility&gt;&lt;IAControls&gt;&lt;/IAControls&gt;</description><reference><dc:title>DPMS Target JRE 8 (1.8)</dc:title><dc:publisher>DISA</dc:publisher><dc:type>DPMS Target</dc:type><dc:subject>JRE 8 (1.8)</dc:subject><dc:identifier>3045</dc:identifier></reference><ident system="http://iase.disa.mil/cci">CCI-000366</ident><fixtext fixref="F-73009r2_fix">Navigate to the “deployment.config” file for JRE:

/etc/.java/deployment/deployment.config

Add the key “deployment.system.config=&lt;Path to deployment.properties&gt;” to the deployment.config file. The following is an example:
“deployment.system.config=/etc/.java/deployment/deployment.properties". Note the use of forward slashes.

Add the key “deployment.system.config.mandatory=true” to the deployment.config file.</fixtext><fix id="F-73009r2_fix" /><check system="C-67545r2_chk"><check-content-ref name="M" href="DPMS_XCCDF_Benchmark_JRE 8 and UNIX STIG.xml" /><check-content>Navigate to the “deployment.config” file for JRE:

/etc/.java/deployment/deployment.config

The deployment.config file contains two properties: deployment.system.config and deployment.system.config.mandatory.

The "deployment.system.config" key points to the location of the deployment.properties file. The location is variable. It can point to a file on the local disk, or a UNC path. The following is an example:
“deployment.system.config=/etc/.java/deployment/deployment.properties"

If the “deployment.system.config” key does not exist or does not point to the location of the deployment.properties file, this is a finding.

If the “deployment.system.config.mandatory” key does not exist or is set to false, this is a finding.</check-content></check></Rule></Group><Group id="V-66911"><title>SRG-APP-000516</title><description>&lt;GroupDescription&gt;&lt;/GroupDescription&gt;</description><Rule id="SV-81401r1_rule" severity="medium" weight="10.0"><version>JRE8-UX-000030</version><title>Oracle JRE 8 must have a deployment.properties file present.</title><description>&lt;VulnDiscussion&gt;By default no deployment.properties file exists; thus, no system-wide deployment exists. The file must be created. The deployment.properties file is used for specifying keys for the Java Runtime Environment.  Each option in the Java control panel is represented by property keys. These keys adjust the options in the Java control panel based on the value assigned to that key.  Without the deployment.properties file, setting particular options for the Java control panel is impossible.&lt;/VulnDiscussion&gt;&lt;FalsePositives&gt;&lt;/FalsePositives&gt;&lt;FalseNegatives&gt;&lt;/FalseNegatives&gt;&lt;Documentable&gt;false&lt;/Documentable&gt;&lt;Mitigations&gt;&lt;/Mitigations&gt;&lt;SeverityOverrideGuidance&gt;&lt;/SeverityOverrideGuidance&gt;&lt;PotentialImpacts&gt;&lt;/PotentialImpacts&gt;&lt;ThirdPartyTools&gt;&lt;/ThirdPartyTools&gt;&lt;MitigationControl&gt;&lt;/MitigationControl&gt;&lt;Responsibility&gt;&lt;/Responsibility&gt;&lt;IAControls&gt;&lt;/IAControls&gt;</description><reference><dc:title>DPMS Target JRE 8 (1.8)</dc:title><dc:publisher>DISA</dc:publisher><dc:type>DPMS Target</dc:type><dc:subject>JRE 8 (1.8)</dc:subject><dc:identifier>3045</dc:identifier></reference><ident system="http://iase.disa.mil/cci">CCI-000366</ident><fixtext fixref="F-73011r1_fix">Create the Java deployment properties file “/etc/.java/deployment/deployment.properties”</fixtext><fix id="F-73011r1_fix" /><check system="C-67547r1_chk"><check-content-ref name="M" href="DPMS_XCCDF_Benchmark_JRE 8 and UNIX STIG.xml" /><check-content>Navigate to the system-level “deployment.properties” file for JRE.

 /etc/.java/deployment/deployment.properties

If there is no file entitled “deployment.properties”, this is a finding.</check-content></check></Rule></Group><Group id="V-66913"><title>SRG-APP-000516</title><description>&lt;GroupDescription&gt;&lt;/GroupDescription&gt;</description><Rule id="SV-81403r1_rule" severity="low" weight="10.0"><version>JRE8-UX-000060</version><title>Oracle JRE 8 must default to the most secure built-in setting.</title><description>&lt;VulnDiscussion&gt;Applications that are signed with a valid certificate and include the permissions attribute in the manifest for the main JAR file are allowed to run with security prompts. All other applications are blocked. Unsigned applications could perform numerous types of attacks on a system.&lt;/VulnDiscussion&gt;&lt;FalsePositives&gt;&lt;/FalsePositives&gt;&lt;FalseNegatives&gt;&lt;/FalseNegatives&gt;&lt;Documentable&gt;false&lt;/Documentable&gt;&lt;Mitigations&gt;&lt;/Mitigations&gt;&lt;SeverityOverrideGuidance&gt;&lt;/SeverityOverrideGuidance&gt;&lt;PotentialImpacts&gt;&lt;/PotentialImpacts&gt;&lt;ThirdPartyTools&gt;&lt;/ThirdPartyTools&gt;&lt;MitigationControl&gt;&lt;/MitigationControl&gt;&lt;Responsibility&gt;&lt;/Responsibility&gt;&lt;IAControls&gt;&lt;/IAControls&gt;</description><reference><dc:title>DPMS Target JRE 8 (1.8)</dc:title><dc:publisher>DISA</dc:publisher><dc:type>DPMS Target</dc:type><dc:subject>JRE 8 (1.8)</dc:subject><dc:identifier>3045</dc:identifier></reference><ident system="http://iase.disa.mil/cci">CCI-000366</ident><fixtext fixref="F-73013r1_fix">Navigate to the system-level “deployment.properties” file for JRE.

 /etc/.java/deployment/deployment.properties

Add the key “deployment.security.level=VERY_HIGH” to the deployment.properties file.
Add the key “deployment.security.level.locked” to the deployment.properties file.</fixtext><fix id="F-73013r1_fix" /><check system="C-67549r1_chk"><check-content-ref name="M" href="DPMS_XCCDF_Benchmark_JRE 8 and UNIX STIG.xml" /><check-content>Navigate to the system-level “deployment.properties” file for JRE.

 /etc/.java/deployment/deployment.properties

If the key “deployment.security.level=VERY_HIGH” is not present in the deployment.properties file, or is set to “HIGH”, this is a finding. 

If the key “deployment.security.level.locked” is not present in the deployment.properties file, this is a finding.</check-content></check></Rule></Group><Group id="V-66915"><title>SRG-APP-000516</title><description>&lt;GroupDescription&gt;&lt;/GroupDescription&gt;</description><Rule id="SV-81405r1_rule" severity="medium" weight="10.0"><version>JRE8-UX-000070</version><title>Oracle JRE 8 must be set to allow Java Web Start (JWS) applications.</title><description>&lt;VulnDiscussion&gt;Java Web Start (JWS) applications are the most commonly used.  Denying these applications could be detrimental to the user experience. Whitelisting, blacklisting, and signing of applications help mitigate the risk of running JWS applications.&lt;/VulnDiscussion&gt;&lt;FalsePositives&gt;&lt;/FalsePositives&gt;&lt;FalseNegatives&gt;&lt;/FalseNegatives&gt;&lt;Documentable&gt;false&lt;/Documentable&gt;&lt;Mitigations&gt;&lt;/Mitigations&gt;&lt;SeverityOverrideGuidance&gt;&lt;/SeverityOverrideGuidance&gt;&lt;PotentialImpacts&gt;&lt;/PotentialImpacts&gt;&lt;ThirdPartyTools&gt;&lt;/ThirdPartyTools&gt;&lt;MitigationControl&gt;&lt;/MitigationControl&gt;&lt;Responsibility&gt;&lt;/Responsibility&gt;&lt;IAControls&gt;&lt;/IAControls&gt;</description><reference><dc:title>DPMS Target JRE 8 (1.8)</dc:title><dc:publisher>DISA</dc:publisher><dc:type>DPMS Target</dc:type><dc:subject>JRE 8 (1.8)</dc:subject><dc:identifier>3045</dc:identifier></reference><ident system="http://iase.disa.mil/cci">CCI-000366</ident><fixtext fixref="F-73015r1_fix">Navigate to the system-level “deployment.properties” file for JRE.

 /etc/.java/deployment/deployment.properties

Add the key “deployment.webjava.enabled=true” to the deployment.properties file.

Add the key “deployment.webjava.enabled.locked” to the deployment.properties file.</fixtext><fix id="F-73015r1_fix" /><check system="C-67551r1_chk"><check-content-ref name="M" href="DPMS_XCCDF_Benchmark_JRE 8 and UNIX STIG.xml" /><check-content>Navigate to the system-level “deployment.properties” file for JRE.

 /etc/.java/deployment/deployment.properties

If the key “deployment.webjava.enabled=true” is not present in the deployment.properties file, or is set to “false”, this is a finding.

If the key “deployment.webjava.enabled.locked” is not present in the deployment.properties file, this is a finding.</check-content></check></Rule></Group><Group id="V-66917"><title>SRG-APP-000112</title><description>&lt;GroupDescription&gt;&lt;/GroupDescription&gt;</description><Rule id="SV-81407r1_rule" severity="medium" weight="10.0"><version>JRE8-UX-000080</version><title>Oracle JRE 8 must disable the dialog enabling users to grant permissions to execute signed content from an untrusted authority.</title><description>&lt;VulnDiscussion&gt;Java applets exist both signed and unsigned.  Even for signed applets, there can be many sources, some of which may be purveyors of malware.  Applet sources considered trusted can have their information populated into the browser, enabling Java to validate applets against trusted sources.  Permitting execution of signed Java applets from untrusted sources may result in acquiring malware, and risks system modification, invasion of privacy, or denial of service.&lt;/VulnDiscussion&gt;&lt;FalsePositives&gt;&lt;/FalsePositives&gt;&lt;FalseNegatives&gt;&lt;/FalseNegatives&gt;&lt;Documentable&gt;false&lt;/Documentable&gt;&lt;Mitigations&gt;&lt;/Mitigations&gt;&lt;SeverityOverrideGuidance&gt;&lt;/SeverityOverrideGuidance&gt;&lt;PotentialImpacts&gt;&lt;/PotentialImpacts&gt;&lt;ThirdPartyTools&gt;&lt;/ThirdPartyTools&gt;&lt;MitigationControl&gt;&lt;/MitigationControl&gt;&lt;Responsibility&gt;&lt;/Responsibility&gt;&lt;IAControls&gt;&lt;/IAControls&gt;</description><reference><dc:title>DPMS Target JRE 8 (1.8)</dc:title><dc:publisher>DISA</dc:publisher><dc:type>DPMS Target</dc:type><dc:subject>JRE 8 (1.8)</dc:subject><dc:identifier>3045</dc:identifier></reference><ident system="http://iase.disa.mil/cci">CCI-001695</ident><fixtext fixref="F-73017r1_fix">If the system is on the SIPRNet, this requirement is NA.

Disable the “Allow user to grant permissions to content from an untrusted authority” feature.

Navigate to the system-level “deployment.properties” file for JRE.

 /etc/.java/deployment/deployment.properties

Add the key “deployment.security.askgrantdialog.notinca=false” to the deployment.properties file.
Add the key “deployment.security.askgrantdialog.notinca.locked” to the deployment.properties file.</fixtext><fix id="F-73017r1_fix" /><check system="C-67553r1_chk"><check-content-ref name="M" href="DPMS_XCCDF_Benchmark_JRE 8 and UNIX STIG.xml" /><check-content>If the system is on the SIPRNet, this requirement is NA.

Navigate to the system-level “deployment.properties” file for Java.

 /etc/.java/deployment/deployment.properties

If the key, “deployment.security.askgrantdialog.notinca=false” is not present, this is a finding.

If the key, “deployment.security.askgrantdialog.notinca.locked” is not present, this is a finding.

If the key “deployment.security.askgrantdialog.notinca” exists and is set to true, this is a finding.</check-content></check></Rule></Group><Group id="V-66919"><title>SRG-APP-000112</title><description>&lt;GroupDescription&gt;&lt;/GroupDescription&gt;</description><Rule id="SV-81409r1_rule" severity="medium" weight="10.0"><version>JRE8-UX-000090</version><title>Oracle JRE 8 must lock the dialog enabling users to grant permissions to execute signed content from an untrusted authority.</title><description>&lt;VulnDiscussion&gt;Java applets exist both signed and unsigned. Even for signed applets, there can be many sources, some of which may be purveyors of malware. Applet sources considered trusted can have their information populated into the browser, enabling Java to validate applets against trusted sources. Permitting execution of signed Java applets from untrusted sources may result in acquiring malware, and risks system modification, invasion of privacy, or denial of service.

Ensuring users cannot change settings contributes to a more consistent security profile.&lt;/VulnDiscussion&gt;&lt;FalsePositives&gt;&lt;/FalsePositives&gt;&lt;FalseNegatives&gt;&lt;/FalseNegatives&gt;&lt;Documentable&gt;false&lt;/Documentable&gt;&lt;Mitigations&gt;&lt;/Mitigations&gt;&lt;SeverityOverrideGuidance&gt;&lt;/SeverityOverrideGuidance&gt;&lt;PotentialImpacts&gt;&lt;/PotentialImpacts&gt;&lt;ThirdPartyTools&gt;&lt;/ThirdPartyTools&gt;&lt;MitigationControl&gt;&lt;/MitigationControl&gt;&lt;Responsibility&gt;&lt;/Responsibility&gt;&lt;IAControls&gt;&lt;/IAControls&gt;</description><reference><dc:title>DPMS Target JRE 8 (1.8)</dc:title><dc:publisher>DISA</dc:publisher><dc:type>DPMS Target</dc:type><dc:subject>JRE 8 (1.8)</dc:subject><dc:identifier>3045</dc:identifier></reference><ident system="http://iase.disa.mil/cci">CCI-001695</ident><fixtext fixref="F-73019r1_fix">If the system is on the SIPRNet, this requirement is NA.

Lock the “Allow user to grant permissions to content from an untrusted authority” feature.

Navigate to the system-level “deployment.properties” file for JRE.

 /etc/.java/deployment/deployment.properties

Add the key “deployment.security.askgrantdialog.show=false” to the deployment.properties file.
Add the key “deployment.security.askgrantdialog.show.locked” to the deployment.properties file.</fixtext><fix id="F-73019r1_fix" /><check system="C-67555r1_chk"><check-content-ref name="M" href="DPMS_XCCDF_Benchmark_JRE 8 and UNIX STIG.xml" /><check-content>If the system is on the SIPRNet, this requirement is NA.

Navigate to the system-level “deployment.properties” file for JRE.

 /etc/.java/deployment/deployment.properties

If the key, “deployment.security.askgrantdialog.show=false” is not present, this is a finding.

If the key, “deployment.security.askgrantdialog.show.locked” is not present, this is a finding.

If the key “deployment.security.askgrantdialog.show” exists and is set to true, this is a finding.</check-content></check></Rule></Group><Group id="V-66921"><title>SRG-APP-000175</title><description>&lt;GroupDescription&gt;&lt;/GroupDescription&gt;</description><Rule id="SV-81411r1_rule" severity="medium" weight="10.0"><version>JRE8-UX-000100</version><title>Oracle JRE 8 must set the option to enable online certificate validation.</title><description>&lt;VulnDiscussion&gt;Online certificate validation provides a real-time option to validate a certificate.  When enabled, if a certificate is presented, the status of the certificate is requested.  The status is sent back as “current”, “expired”, or “unknown”.  Online certificate validation provides a greater degree of validation of certificates when running a signed Java applet.   Permitting execution of an applet with an invalid certificate may result in malware, system modification, invasion of privacy, and denial of service.&lt;/VulnDiscussion&gt;&lt;FalsePositives&gt;&lt;/FalsePositives&gt;&lt;FalseNegatives&gt;&lt;/FalseNegatives&gt;&lt;Documentable&gt;false&lt;/Documentable&gt;&lt;Mitigations&gt;&lt;/Mitigations&gt;&lt;SeverityOverrideGuidance&gt;&lt;/SeverityOverrideGuidance&gt;&lt;PotentialImpacts&gt;&lt;/PotentialImpacts&gt;&lt;ThirdPartyTools&gt;&lt;/ThirdPartyTools&gt;&lt;MitigationControl&gt;&lt;/MitigationControl&gt;&lt;Responsibility&gt;&lt;/Responsibility&gt;&lt;IAControls&gt;&lt;/IAControls&gt;</description><reference><dc:title>DPMS Target JRE 8 (1.8)</dc:title><dc:publisher>DISA</dc:publisher><dc:type>DPMS Target</dc:type><dc:subject>JRE 8 (1.8)</dc:subject><dc:identifier>3045</dc:identifier></reference><ident system="http://iase.disa.mil/cci">CCI-000185</ident><fixtext fixref="F-73021r2_fix">If the system is on the SIPRNet, this requirement is NA.

Navigate to the system-level “deployment.properties” file for JRE.

/etc/.java/deployment/deployment.properties

Add the key “deployment.security.validation.ocsp=true” to the deployment.properties file.

Add the key “deployment.security.validation.ocsp.locked” to the deployment.properties file.</fixtext><fix id="F-73021r2_fix" /><check system="C-67557r1_chk"><check-content-ref name="M" href="DPMS_XCCDF_Benchmark_JRE 8 and UNIX STIG.xml" /><check-content>If the system is on the SIPRNet, this requirement is NA.

Navigate to the system-level “deployment.properties” file for JRE.

 /etc/.java/deployment/deployment.properties

If the key “deployment.security.validation.ocsp=true” is not present in the deployment.properties file, this is a finding.

If the key “deployment.security.validation.ocsp.locked” is not present in the deployment.properties file, this is a finding.

If the key “deployment.security.validation.ocsp” is set to “false”, this is a finding.</check-content></check></Rule></Group><Group id="V-66923"><title>SRG-APP-000209</title><description>&lt;GroupDescription&gt;&lt;/GroupDescription&gt;</description><Rule id="SV-81413r1_rule" severity="medium" weight="10.0"><version>JRE8-UX-000110</version><title>Oracle JRE 8 must prevent the download of prohibited mobile code.</title><description>&lt;VulnDiscussion&gt;Decisions regarding the employment of mobile code within organizational information systems are based on the potential for the code to cause damage to the system if used maliciously. 

Mobile code is defined as software modules obtained from remote systems, transferred across a network, and then downloaded and executed on a local system without explicit installation or execution by the recipient.

Usage restrictions and implementation guidance apply to both the selection and use of mobile code installed, downloaded, or executed on all endpoints (e.g., servers, workstations, and smart phones). This requirement applies to applications that execute, evaluate, or otherwise process mobile code (e.g., web applications, browsers, and anti-virus applications).&lt;/VulnDiscussion&gt;&lt;FalsePositives&gt;&lt;/FalsePositives&gt;&lt;FalseNegatives&gt;&lt;/FalseNegatives&gt;&lt;Documentable&gt;false&lt;/Documentable&gt;&lt;Mitigations&gt;&lt;/Mitigations&gt;&lt;SeverityOverrideGuidance&gt;&lt;/SeverityOverrideGuidance&gt;&lt;PotentialImpacts&gt;&lt;/PotentialImpacts&gt;&lt;ThirdPartyTools&gt;&lt;/ThirdPartyTools&gt;&lt;MitigationControl&gt;&lt;/MitigationControl&gt;&lt;Responsibility&gt;&lt;/Responsibility&gt;&lt;IAControls&gt;&lt;/IAControls&gt;</description><reference><dc:title>DPMS Target JRE 8 (1.8)</dc:title><dc:publisher>DISA</dc:publisher><dc:type>DPMS Target</dc:type><dc:subject>JRE 8 (1.8)</dc:subject><dc:identifier>3045</dc:identifier></reference><ident system="http://iase.disa.mil/cci">CCI-001169</ident><fixtext fixref="F-73023r2_fix">Navigate to the system-level “deployment.properties” file for JRE.  

/etc/.java/deployment/deployment.properties

Add the key “deployment.security.blacklist.check=true” to the deployment.properties file.

Add the key “deployment.security.blacklist.check.locked” to the deployment.properties file.</fixtext><fix id="F-73023r2_fix" /><check system="C-67559r1_chk"><check-content-ref name="M" href="DPMS_XCCDF_Benchmark_JRE 8 and UNIX STIG.xml" /><check-content>Navigate to the system-level “deployment.properties” file for JRE.

 /etc/.java/deployment/deployment.properties

If the key “deployment.security.blacklist.check=true” is not present in the deployment.properties file, or is set to “false”, this is a finding.

If the key “deployment.security.blacklist.check.locked” is not present in the deployment.properties file, this is a finding.</check-content></check></Rule></Group><Group id="V-66925"><title>SRG-APP-000386</title><description>&lt;GroupDescription&gt;&lt;/GroupDescription&gt;</description><Rule id="SV-81415r2_rule" severity="medium" weight="10.0"><version>JRE8-UX-000120</version><title>Oracle JRE 8 must enable the option to use an accepted sites list.</title><description>&lt;VulnDiscussion&gt;Utilizing a whitelist provides a configuration management method for allowing the execution of only authorized software. Using only authorized software decreases risk by limiting the number of potential vulnerabilities.

The organization must identify authorized software programs and permit execution of authorized software. The process used to identify software programs that are authorized to execute on organizational information systems is commonly referred to as whitelisting.

Verification of whitelisted software can occur either prior to execution or at system startup.

This requirement applies to configuration management applications or similar types of applications designed to manage system processes and configurations (e.g., HBSS and software wrappers).&lt;/VulnDiscussion&gt;&lt;FalsePositives&gt;&lt;/FalsePositives&gt;&lt;FalseNegatives&gt;&lt;/FalseNegatives&gt;&lt;Documentable&gt;false&lt;/Documentable&gt;&lt;Mitigations&gt;&lt;/Mitigations&gt;&lt;SeverityOverrideGuidance&gt;&lt;/SeverityOverrideGuidance&gt;&lt;PotentialImpacts&gt;&lt;/PotentialImpacts&gt;&lt;ThirdPartyTools&gt;&lt;/ThirdPartyTools&gt;&lt;MitigationControl&gt;&lt;/MitigationControl&gt;&lt;Responsibility&gt;&lt;/Responsibility&gt;&lt;IAControls&gt;&lt;/IAControls&gt;</description><reference><dc:title>DPMS Target JRE 8 (1.8)</dc:title><dc:publisher>DISA</dc:publisher><dc:type>DPMS Target</dc:type><dc:subject>JRE 8 (1.8)</dc:subject><dc:identifier>3045</dc:identifier></reference><ident system="http://iase.disa.mil/cci">CCI-001774</ident><fixtext fixref="F-73025r2_fix">Navigate to the system-level “deployment.properties” file for JRE.  

 /etc/.java/deployment/deployment.properties

Add the key “deployment.user.security.exception.sites=/etc/.java/deployment/exception.sites” to the deployment.properties file.</fixtext><fix id="F-73025r2_fix" /><check system="C-67561r2_chk"><check-content-ref name="M" href="DPMS_XCCDF_Benchmark_JRE 8 and UNIX STIG.xml" /><check-content>Navigate to the system-level “deployment.properties” file for JRE.

 /etc/.java/deployment/deployment.properties

If the key “deployment.user.security.exception.sites” is not present in the deployment.properties file, this is a finding.

If the key “deployment.user.security.exception.sites” is not set to the location of the exception.sites file, this is a finding.

An example of a correct setting is:
deployment.user.security.exception.sites=/etc/.java/deployment/exception.sites</check-content></check></Rule></Group><Group id="V-66927"><title>SRG-APP-000386</title><description>&lt;GroupDescription&gt;&lt;/GroupDescription&gt;</description><Rule id="SV-81417r1_rule" severity="medium" weight="10.0"><version>JRE8-UX-000130</version><title>Oracle JRE 8 must have an exception.sites file present.</title><description>&lt;VulnDiscussion&gt;Utilizing a whitelist provides a configuration management method for allowing the execution of only authorized software. Using only authorized software decreases risk by limiting the number of potential vulnerabilities.

The organization must identify authorized software programs and permit execution of authorized software. The process used to identify software programs that are authorized to execute on organizational information systems is commonly referred to as whitelisting.

Verification of whitelisted software can occur either prior to execution or at system startup.

This requirement applies to configuration management applications or similar types of applications designed to manage system processes and configurations (e.g., HBSS and software wrappers).&lt;/VulnDiscussion&gt;&lt;FalsePositives&gt;&lt;/FalsePositives&gt;&lt;FalseNegatives&gt;&lt;/FalseNegatives&gt;&lt;Documentable&gt;false&lt;/Documentable&gt;&lt;Mitigations&gt;&lt;/Mitigations&gt;&lt;SeverityOverrideGuidance&gt;&lt;/SeverityOverrideGuidance&gt;&lt;PotentialImpacts&gt;&lt;/PotentialImpacts&gt;&lt;ThirdPartyTools&gt;&lt;/ThirdPartyTools&gt;&lt;MitigationControl&gt;&lt;/MitigationControl&gt;&lt;Responsibility&gt;&lt;/Responsibility&gt;&lt;IAControls&gt;&lt;/IAControls&gt;</description><reference><dc:title>DPMS Target JRE 8 (1.8)</dc:title><dc:publisher>DISA</dc:publisher><dc:type>DPMS Target</dc:type><dc:subject>JRE 8 (1.8)</dc:subject><dc:identifier>3045</dc:identifier></reference><ident system="http://iase.disa.mil/cci">CCI-001774</ident><fixtext fixref="F-73027r2_fix">If the system is on the SIPRNet, this requirement is NA.

Create the JRE exception.sites file:

No default file exists. A text file named exception.sites, and the directory structure in which it is located must be manually created. The location must be aligned as defined in the deployment.properties file.

/etc/.java/deployment/deployment.properties is an example.</fixtext><fix id="F-73027r2_fix" /><check system="C-67563r1_chk"><check-content-ref name="M" href="DPMS_XCCDF_Benchmark_JRE 8 and UNIX STIG.xml" /><check-content>If the system is on the SIPRNet, this requirement is NA.

Navigate to the “exception.sites” file for Java:

 /etc/.java/deployment/exception.sites

If the exception.sites file does not exist, it must be created. The exception.sites file is a text file containing single-line URLs for accepted risk sites.  If there are no AO approved sites to be added to the configuration, it is acceptable for this file to be blank.

If the “exception.sites” file does not exist, this is a finding.

If the “exception.sites” file contains URLs that are not AO approved, this is a finding.</check-content></check></Rule></Group><Group id="V-66929"><title>SRG-APP-000401</title><description>&lt;GroupDescription&gt;&lt;/GroupDescription&gt;</description><Rule id="SV-81419r1_rule" severity="medium" weight="10.0"><version>JRE8-UX-000150</version><title>Oracle JRE 8 must enable the dialog to enable users to check publisher certificates for revocation.</title><description>&lt;VulnDiscussion&gt;A certificate revocation list is a directory which contains a list of certificates that have been revoked for various reasons. Certificates may be revoked due to improper issuance, compromise of the certificate, and failure to adhere to policy. Therefore, any certificate found on a CRL should not be trusted. Permitting execution of an applet published with a revoked certificate may result in spoofing, malware, system modification, invasion of privacy, and denial of service.&lt;/VulnDiscussion&gt;&lt;FalsePositives&gt;&lt;/FalsePositives&gt;&lt;FalseNegatives&gt;&lt;/FalseNegatives&gt;&lt;Documentable&gt;false&lt;/Documentable&gt;&lt;Mitigations&gt;&lt;/Mitigations&gt;&lt;SeverityOverrideGuidance&gt;&lt;/SeverityOverrideGuidance&gt;&lt;PotentialImpacts&gt;&lt;/PotentialImpacts&gt;&lt;ThirdPartyTools&gt;&lt;/ThirdPartyTools&gt;&lt;MitigationControl&gt;&lt;/MitigationControl&gt;&lt;Responsibility&gt;&lt;/Responsibility&gt;&lt;IAControls&gt;&lt;/IAControls&gt;</description><reference><dc:title>DPMS Target JRE 8 (1.8)</dc:title><dc:publisher>DISA</dc:publisher><dc:type>DPMS Target</dc:type><dc:subject>JRE 8 (1.8)</dc:subject><dc:identifier>3045</dc:identifier></reference><ident system="http://iase.disa.mil/cci">CCI-001991</ident><fixtext fixref="F-73029r2_fix">If the system is on the SIPRNet, this requirement is NA.

Enable the “Check certificates for revocation using Certificate Revocation Lists (CRL)” option.
 
Navigate to the system-level “deployment.properties” file for JRE.

/etc/.java/deployment/deployment.properties

Add the key “deployment.security.validation.crl=true” to the deployment.properties file.

Add the key “deployment.security.validation.crl.locked” to the deployment.properties file.</fixtext><fix id="F-73029r2_fix" /><check system="C-67565r1_chk"><check-content-ref name="M" href="DPMS_XCCDF_Benchmark_JRE 8 and UNIX STIG.xml" /><check-content>If the system is on the SIPRNet, this requirement is NA.

Navigate to the system-level “deployment.properties” file for JRE.

 /etc/.java/deployment/deployment.properties

If the key “deployment.security.validation.crl=true” is not present in the deployment.properties file, or is set to “false”, this is a finding.

If the key “deployment.security.validation.crl.locked” is not present in the deployment.properties file, this is a finding.</check-content></check></Rule></Group><Group id="V-66931"><title>SRG-APP-000401</title><description>&lt;GroupDescription&gt;&lt;/GroupDescription&gt;</description><Rule id="SV-81421r1_rule" severity="medium" weight="10.0"><version>JRE8-UX-000160</version><title>Oracle JRE 8 must lock the option to enable users to check publisher certificates for revocation.</title><description>&lt;VulnDiscussion&gt;Certificates may be revoked due to improper issuance, compromise of the certificate, and failure to adhere to policy. Therefore, any certificate found revoked on a CRL or via Online Certificate Status Protocol (OCSP) should not be trusted. Permitting execution of an applet published with a revoked certificate may result in spoofing, malware, system modification, invasion of privacy, and denial of service.

Ensuring users cannot change these settings assures a more consistent security profile.&lt;/VulnDiscussion&gt;&lt;FalsePositives&gt;&lt;/FalsePositives&gt;&lt;FalseNegatives&gt;&lt;/FalseNegatives&gt;&lt;Documentable&gt;false&lt;/Documentable&gt;&lt;Mitigations&gt;&lt;/Mitigations&gt;&lt;SeverityOverrideGuidance&gt;&lt;/SeverityOverrideGuidance&gt;&lt;PotentialImpacts&gt;&lt;/PotentialImpacts&gt;&lt;ThirdPartyTools&gt;&lt;/ThirdPartyTools&gt;&lt;MitigationControl&gt;&lt;/MitigationControl&gt;&lt;Responsibility&gt;&lt;/Responsibility&gt;&lt;IAControls&gt;&lt;/IAControls&gt;</description><reference><dc:title>DPMS Target JRE 8 (1.8)</dc:title><dc:publisher>DISA</dc:publisher><dc:type>DPMS Target</dc:type><dc:subject>JRE 8 (1.8)</dc:subject><dc:identifier>3045</dc:identifier></reference><ident system="http://iase.disa.mil/cci">CCI-001991</ident><fixtext fixref="F-73031r2_fix">If the system is on the SIPRNet, this requirement is NA.

Navigate to the system-level “deployment.properties” file for JRE.

/etc/.java/deployment/deployment.properties

Add the key “deployment.security.revocation.check=ALL_CERTIFICATES” to the deployment.properties file.

Add the key “deployment.security.revocation.check.locked” to the deployment.properties file.</fixtext><fix id="F-73031r2_fix" /><check system="C-67567r1_chk"><check-content-ref name="M" href="DPMS_XCCDF_Benchmark_JRE 8 and UNIX STIG.xml" /><check-content>If the system is on the SIPRNet, this requirement is NA.

Navigate to the system-level “deployment.properties” file for JRE.

 /etc/.java/deployment/deployment.properties

If the key “deployment.security.revocation.check=ALL_CERTIFICATES” is not present, or is set to “PUBLISHER_ONLY”, or “NO_CHECK”, this is a finding.

If the key “deployment.security.revocation.check.locked” is not present, this is a finding.</check-content></check></Rule></Group><Group id="V-66933"><title>SRG-APP-000488</title><description>&lt;GroupDescription&gt;&lt;/GroupDescription&gt;</description><Rule id="SV-81423r1_rule" severity="medium" weight="10.0"><version>JRE8-UX-000170</version><title>Oracle JRE 8 must prompt the user for action prior to executing mobile code.</title><description>&lt;VulnDiscussion&gt;Mobile code can cause damage to the system. It can execute without explicit action from, or notification to, a user. 

Actions enforced before executing mobile code include, for example, prompting users prior to opening email attachments and disabling automatic execution.

This requirement applies to mobile code-enabled software, which is capable of executing one or more types of mobile code.&lt;/VulnDiscussion&gt;&lt;FalsePositives&gt;&lt;/FalsePositives&gt;&lt;FalseNegatives&gt;&lt;/FalseNegatives&gt;&lt;Documentable&gt;false&lt;/Documentable&gt;&lt;Mitigations&gt;&lt;/Mitigations&gt;&lt;SeverityOverrideGuidance&gt;&lt;/SeverityOverrideGuidance&gt;&lt;PotentialImpacts&gt;&lt;/PotentialImpacts&gt;&lt;ThirdPartyTools&gt;&lt;/ThirdPartyTools&gt;&lt;MitigationControl&gt;&lt;/MitigationControl&gt;&lt;Responsibility&gt;&lt;/Responsibility&gt;&lt;IAControls&gt;&lt;/IAControls&gt;</description><reference><dc:title>DPMS Target JRE 8 (1.8)</dc:title><dc:publisher>DISA</dc:publisher><dc:type>DPMS Target</dc:type><dc:subject>JRE 8 (1.8)</dc:subject><dc:identifier>3045</dc:identifier></reference><ident system="http://iase.disa.mil/cci">CCI-002460</ident><fixtext fixref="F-73033r2_fix">Navigate to the system-level “deployment.properties” file for JRE.

/etc/.java/deployment/deployment.properties

Add the key “deployment.insecure.jres=PROMPT” to the deployment.properties file.

Add the key “deployment.insecure.jres.locked” to the deployment.properties file.</fixtext><fix id="F-73033r2_fix" /><check system="C-67569r1_chk"><check-content-ref name="M" href="DPMS_XCCDF_Benchmark_JRE 8 and UNIX STIG.xml" /><check-content>Navigate to the system-level “deployment.properties” file for JRE.

 /etc/.java/deployment/deployment.properties

If the key “deployment.insecure.jres=PROMPT” is not present in the deployment.properties file, this is a finding.

If the key “deployment.insecure.jres.locked” is not present in the deployment.properties file, this is a finding.

If the key “deployment.insecure.jres” is set to “NEVER”, this is a finding.</check-content></check></Rule></Group><Group id="V-66935"><title>SRG-APP-000454</title><description>&lt;GroupDescription&gt;&lt;/GroupDescription&gt;</description><Rule id="SV-81425r1_rule" severity="medium" weight="10.0"><version>JRE8-UX-000190</version><title>Oracle JRE 8 must remove previous versions when the latest version is installed.</title><description>&lt;VulnDiscussion&gt;Previous versions of software components that are not removed from the information system after updates have been installed may be exploited by adversaries. Some information technology products may remove older versions of software automatically from the information system.&lt;/VulnDiscussion&gt;&lt;FalsePositives&gt;&lt;/FalsePositives&gt;&lt;FalseNegatives&gt;&lt;/FalseNegatives&gt;&lt;Documentable&gt;false&lt;/Documentable&gt;&lt;Mitigations&gt;&lt;/Mitigations&gt;&lt;SeverityOverrideGuidance&gt;&lt;/SeverityOverrideGuidance&gt;&lt;PotentialImpacts&gt;&lt;/PotentialImpacts&gt;&lt;ThirdPartyTools&gt;&lt;/ThirdPartyTools&gt;&lt;MitigationControl&gt;&lt;/MitigationControl&gt;&lt;Responsibility&gt;&lt;/Responsibility&gt;&lt;IAControls&gt;&lt;/IAControls&gt;</description><reference><dc:title>DPMS Target JRE 8 (1.8)</dc:title><dc:publisher>DISA</dc:publisher><dc:type>DPMS Target</dc:type><dc:subject>JRE 8 (1.8)</dc:subject><dc:identifier>3045</dc:identifier></reference><ident system="http://iase.disa.mil/cci">CCI-002617</ident><fixtext fixref="F-73035r1_fix">Remove previous versions of JRE.

RPM uninstall:
# rpm -e jre-&lt;version&gt;-fcs

Self-extracting file uninstall:
# rm -r jre&lt;version&gt;

Perform for all out of date instances of JRE.</fixtext><fix id="F-73035r1_fix" /><check system="C-67571r1_chk"><check-content-ref name="M" href="DPMS_XCCDF_Benchmark_JRE 8 and UNIX STIG.xml" /><check-content>Review the system configuration to ensure old versions of JRE have been removed.

There are two ways to uninstall Java. Use the method that you used when you installed Java. For example, if you used RPM to install Java, then use the RPM uninstall method.

If RPM is installed, first query to ascertain that JRE was installed using RPM.

Search for the JRE package by typing: 
# rpm -qa | grep -i jre

If RPM reports a package similar to jre-&lt;version&gt;-fcs, then JRE is installed with RPM. If JRE is not installed using RPM, skip to "Self-extracting file uninstall".

To uninstall Java via RPM, type: 
# rpm -e jre-&lt;version&gt;-fcs

Self-extracting file uninstall:
1. Browse folders to ascertain where JRE is installed. Common locations are /usr/java/jre_&lt;version&gt; or opt/jre_nb/jre_&lt;version&gt;/bin/java/
2. When you have located the directory, you may delete the directory by using the following command:
Note: Ensure JRE is not already installed using RPM before removing the directory.
# rm -r /&lt;path to jre&gt;/jre&lt;version&gt;

Ensure only one instance of JRE is installed on the system. 

# ps -ef | grep -I jre

If more than one instance of JRE is running, this is a finding.</check-content></check></Rule></Group><Group id="V-66937"><title>SRG-APP-000456</title><description>&lt;GroupDescription&gt;&lt;/GroupDescription&gt;</description><Rule id="SV-81427r1_rule" severity="high" weight="10.0"><version>JRE8-UX-000180</version><title>The version of Oracle JRE 8 running on the system must be the most current available.</title><description>&lt;VulnDiscussion&gt;Oracle JRE 8 is being continually updated by the vendor in order to address identified security vulnerabilities.  Running an older version of the JRE can introduce security vulnerabilities to the system.&lt;/VulnDiscussion&gt;&lt;FalsePositives&gt;&lt;/FalsePositives&gt;&lt;FalseNegatives&gt;&lt;/FalseNegatives&gt;&lt;Documentable&gt;false&lt;/Documentable&gt;&lt;Mitigations&gt;&lt;/Mitigations&gt;&lt;SeverityOverrideGuidance&gt;&lt;/SeverityOverrideGuidance&gt;&lt;PotentialImpacts&gt;&lt;/PotentialImpacts&gt;&lt;ThirdPartyTools&gt;&lt;/ThirdPartyTools&gt;&lt;MitigationControl&gt;&lt;/MitigationControl&gt;&lt;Responsibility&gt;&lt;/Responsibility&gt;&lt;IAControls&gt;&lt;/IAControls&gt;</description><reference><dc:title>DPMS Target JRE 8 (1.8)</dc:title><dc:publisher>DISA</dc:publisher><dc:type>DPMS Target</dc:type><dc:subject>JRE 8 (1.8)</dc:subject><dc:identifier>3045</dc:identifier></reference><ident system="http://iase.disa.mil/cci">CCI-002605</ident><fixtext fixref="F-73037r1_fix">Test applications to ensure operational compatibility with new version of Java.

Install latest version of Oracle JRE 8.</fixtext><fix id="F-73037r1_fix" /><check system="C-67573r1_chk"><check-content-ref name="M" href="DPMS_XCCDF_Benchmark_JRE 8 and UNIX STIG.xml" /><check-content>Open a terminal window and type the command:
"java -version" sans quotes.

The return value should contain Java build information:

"Java (TM) SE Runtime Environment (build x.x.x.x)"

Cross reference the build information on the system with the Oracle Java site to identify the most recent build available.

If the version of Oracle JRE 8 running on the system is out of date, this is a finding.</check-content></check></Rule></Group></Benchmark>