<?xml version="1.0" encoding="utf-8"?><?xml-stylesheet type='text/xsl' href='STIG_unclass.xsl'?><Benchmark xmlns:dc="http://purl.org/dc/elements/1.1/" xmlns:xsi="http://www.w3.org/2001/XMLSchema-instance" xmlns:cpe="http://cpe.mitre.org/language/2.0" xmlns:xhtml="http://www.w3.org/1999/xhtml" xmlns:dsig="http://www.w3.org/2000/09/xmldsig#" xsi:schemaLocation="http://checklists.nist.gov/xccdf/1.1 http://nvd.nist.gov/schema/xccdf-1.1.4.xsd http://cpe.mitre.org/dictionary/2.0 http://cpe.mitre.org/files/cpe-dictionary_2.1.xsd" id="Citrix_VAD_7-x_Workspace_App_STIG" xml:lang="en" xmlns="http://checklists.nist.gov/xccdf/1.1"><status date="2021-12-10">accepted</status><title>Citrix Virtual Apps and Desktop 7.x Workspace App Security Technical Implementation Guide </title><description>This Security Technical Implementation Guide is published as a tool to improve the security of Department of Defense (DoD) information systems. The requirements are derived from the National Institute of Standards and Technology (NIST) 800-53 and related documents. Comments or proposed revisions to this document should be sent via email to the following address: disa.stig_spt@mail.mil.</description><notice id="terms-of-use" xml:lang="en"></notice><front-matter xml:lang="en"></front-matter><rear-matter xml:lang="en"></rear-matter><reference href="https://cyber.mil"><dc:publisher>DISA</dc:publisher><dc:source>STIG.DOD.MIL</dc:source></reference><plain-text id="release-info">Release: 2 Benchmark Date: 27 Jan 2022</plain-text><plain-text id="generator">3.2.2.36079</plain-text><plain-text id="conventionsVersion">1.10.0</plain-text><version>1</version><Profile id="MAC-1_Classified"><title>I - Mission Critical Classified</title><description>&lt;ProfileDescription&gt;&lt;/ProfileDescription&gt;</description><select idref="V-234262" selected="true" /></Profile><Profile id="MAC-1_Public"><title>I - Mission Critical Public</title><description>&lt;ProfileDescription&gt;&lt;/ProfileDescription&gt;</description><select idref="V-234262" selected="true" /></Profile><Profile id="MAC-1_Sensitive"><title>I - Mission Critical Sensitive</title><description>&lt;ProfileDescription&gt;&lt;/ProfileDescription&gt;</description><select idref="V-234262" selected="true" /></Profile><Profile id="MAC-2_Classified"><title>II - Mission Support Classified</title><description>&lt;ProfileDescription&gt;&lt;/ProfileDescription&gt;</description><select idref="V-234262" selected="true" /></Profile><Profile id="MAC-2_Public"><title>II - Mission Support Public</title><description>&lt;ProfileDescription&gt;&lt;/ProfileDescription&gt;</description><select idref="V-234262" selected="true" /></Profile><Profile id="MAC-2_Sensitive"><title>II - Mission Support Sensitive</title><description>&lt;ProfileDescription&gt;&lt;/ProfileDescription&gt;</description><select idref="V-234262" selected="true" /></Profile><Profile id="MAC-3_Classified"><title>III - Administrative Classified</title><description>&lt;ProfileDescription&gt;&lt;/ProfileDescription&gt;</description><select idref="V-234262" selected="true" /></Profile><Profile id="MAC-3_Public"><title>III - Administrative Public</title><description>&lt;ProfileDescription&gt;&lt;/ProfileDescription&gt;</description><select idref="V-234262" selected="true" /></Profile><Profile id="MAC-3_Sensitive"><title>III - Administrative Sensitive</title><description>&lt;ProfileDescription&gt;&lt;/ProfileDescription&gt;</description><select idref="V-234262" selected="true" /></Profile><Group id="V-234262"><title>SRG-APP-000391</title><description>&lt;GroupDescription&gt;&lt;/GroupDescription&gt;</description><Rule id="SV-234262r640183_rule" weight="10.0" severity="medium"><version>CVAD-WS-000855</version><title>Citrix Workspace must accept Personal Identity Verification (PIV) credentials.</title><description>&lt;VulnDiscussion&gt;The use of PIV credentials facilitates standardization and reduces the risk of unauthorized access.

DoD has mandated the use of the Common Access Card (CAC) to support identity management and personal authentication for systems covered under HSPD 12, as well as a primary component of layered protection for national security systems.

Satisfies: SRG-APP-000391, SRG-APP-000392&lt;/VulnDiscussion&gt;&lt;FalsePositives&gt;&lt;/FalsePositives&gt;&lt;FalseNegatives&gt;&lt;/FalseNegatives&gt;&lt;Documentable&gt;false&lt;/Documentable&gt;&lt;Mitigations&gt;&lt;/Mitigations&gt;&lt;SeverityOverrideGuidance&gt;&lt;/SeverityOverrideGuidance&gt;&lt;PotentialImpacts&gt;&lt;/PotentialImpacts&gt;&lt;ThirdPartyTools&gt;&lt;/ThirdPartyTools&gt;&lt;MitigationControl&gt;&lt;/MitigationControl&gt;&lt;Responsibility&gt;&lt;/Responsibility&gt;&lt;IAControls&gt;&lt;/IAControls&gt;</description><reference><dc:title>DPMS Target Citrix VAD 7.x Workspace App</dc:title><dc:publisher>DISA</dc:publisher><dc:type>DPMS Target</dc:type><dc:subject>Citrix VAD 7.x Workspace App</dc:subject><dc:identifier>5268</dc:identifier></reference><ident system="http://cyber.mil/cci">CCI-001953</ident><ident system="http://cyber.mil/cci">CCI-001954</ident><fixtext fixref="F-37412r640182_fix">Set the policy value for Administrative Templates &gt;&gt; Citrix Components &gt;&gt; Citrix Workspace &gt;&gt; User authentication &gt;&gt; "Smart card authentication" to "Enabled" and check the "Allow smart card authentication" box. 

If the environment leverages PIN pass-through, also check the "Use pass-through authentication for PIN" box.</fixtext><fix id="F-37412r640182_fix" /><check system="C-37447r640181_chk"><check-content-ref href="Citrix_VAD_7.x_Workspace_App_STIG.xml" name="M" /><check-content>Verify the policy value for Administrative Templates &gt;&gt; Citrix Components &gt;&gt; Citrix Workspace &gt;&gt; User authentication &gt;&gt; "Smart card authentication" is not set to "Disabled". For this setting, "Not Configured" is equivalent to "Enabled".

If the "Smart card authentication" policy is set to "Disabled", this is a finding.</check-content></check></Rule></Group></Benchmark>