﻿<?xml version="1.0" encoding="utf-8"?>
<!--**************************************************************************************
  This file contains answers for known opens and findings that cannot be evaluated through technical means.
  <STIGComments Name> must match the STIG ShortName or Name in -ListSupportedProducts.  When a match is found, this answer file will automatically for the STIG.
  <Vuln ID> is the STIG VulnID.  Multiple Vuln ID sections may be specified in a single Answer File.
  <AnswerKey Name> is the name of the key assigned to the answer.  "DEFAULT" can be used to apply the comment to any asset.  Multiple AnswerKey Name sections may be configured within a single Vuln ID section.
    *Note: If the Answer Key matches the hostname *exactly*, it will supersede any other key for the Vulnerability ID.  
     Multiple hostnames can be used, separated by either a space or a comma.
  <ExpectedStatus> is the initial status after the checklist is created.  Valid entries are "Not_Reviewed", "Open", "NotAFinding", and "Not_Applicable".
  <ValidationCode> must be Powershell code that returns a True/False value or a PSCustomObject.  If blank, "true" is assumed.
    *Note: If Validation Code returns a PSCustomObject, the Object MUST contain both "Results" and "Valid" keys.  "Results" will be written to the Comments field of the STIG check.
  <ValidTrueStatus> is the status the check should be set to if ValidationCode returns "true".  Valid entries are "Not_Reviewed", "Open", "NotAFinding", and "Not_Applicable".  If blank, <ExpectedStatus> is assumed.
  <ValidTrueComment> is the verbiage to add to the Comments section if ValidationCode returns "true".
  <ValidFalseStatus> is the status the check should be set to if ValidationCode DOES NOT return "true".  Valid entries are "Not_Reviewed", "Open", "NotAFinding", and "Not_Applicable".  If blank, <ExpectedStatus> is assumed.
  <ValidFalseComment> is the verbiage to add to the Comments section if ValidationCode DOES NOT return "true".
  **************************************************************************************-->
<STIGComments Name="Red Hat Enterprise Linux 8">
  <Vuln ID="V-230222">
    <!--RHEL 8 vendor packaged system security patches and updates must be installed and up to date.-->
    <AnswerKey Name="DEFAULT">
      <ExpectedStatus>Not_Reviewed</ExpectedStatus>
      <ValidationCode></ValidationCode>
      <ValidTrueStatus>NotAFinding</ValidTrueStatus>
      <ValidTrueComment>Changed from NR to NotAFinding

Manual Check:

Finding: Verify the operating system security patches and updates are installed and up to date.
Finding: PCTE uses Red Hat Satellite for centralized patch management, ensuring all systems are kept up to date with vendor-supplied security patches and updates.
</ValidTrueComment>
      <ValidFalseStatus></ValidFalseStatus>
      <ValidFalseComment></ValidFalseComment>
    </AnswerKey>
  </Vuln>
  <Vuln ID="V-230224">
    <!--All RHEL 8 local disk partitions must implement cryptographic mechanisms to prevent unauthorized disclosure or modification of all information that requires at rest protection.-->
    <AnswerKey Name="DEFAULT">
      <ExpectedStatus>Open</ExpectedStatus>
      <ValidationCode></ValidationCode>
      <ValidTrueStatus>Not_Applicable</ValidTrueStatus>
      <ValidTrueComment>Status: Not Applicable

Manual Check:

Finding: The operating system does not prevent unauthorized disclosure or modification of all information requiring at-rest protection by using disk encryption.

Rationale:
Per SC-28 of PCTE SSP - "Information within the PCTE system ultimately ends up on the Shared VRTX Storage or NetApp Storage device. Both storage implementations within the PCTE systems are either configured with volume level encryption or self-encrypting drives.."
</ValidTrueComment>
      <ValidFalseStatus></ValidFalseStatus>
      <ValidFalseComment></ValidFalseComment>
    </AnswerKey>
  </Vuln>
  <Vuln ID="V-230226">
    <!--RHEL 8 must display the Standard Mandatory DoD Notice and Consent Banner before granting local or remote access to the system via a graphical user logon.-->
    <AnswerKey Name="DEFAULT">
      <ExpectedStatus>Not_Reviewed</ExpectedStatus>
      <ValidationCode></ValidationCode>
      <ValidTrueStatus></ValidTrueStatus>
      <ValidTrueComment></ValidTrueComment>
      <ValidFalseStatus></ValidFalseStatus>
      <ValidFalseComment></ValidFalseComment>
    </AnswerKey>
  </Vuln>
  <Vuln ID="V-230229">
    <!--RHEL 8, for PKI-based authentication, must validate certificates by constructing a certification path (which includes status information) to an accepted trust anchor.-->
    <AnswerKey Name="DEFAULT">
      <ExpectedStatus>Open</ExpectedStatus>
      <ValidationCode></ValidationCode>
      <ValidTrueStatus>Open</ValidTrueStatus>
      <ValidTrueComment>Status: Open / Seek Risk Acceptance

Manual Check:

Finding: The operating system, for PKI-based authentication, does not have valid certificates by constructing a certification path.

Rationale: Since The operating system, for PKI-based authentication, does not have valid certificates by constructing a certification path (which includes status information) to an accepted trust anchor as '/etc/sssd/pki/sssd_auth_ca_db.pem', this is a finding but risk accepted..

Mitigation:
Per IA-5(2) of PCTE SSP, PCTE validates DoD certificates by constructing and verifying a certificate path to an accepted DoD trust anchor (to include ECA) including checking certificate status information via the DISA Online Certificate Status Protocol (OCSP). PCTE will use the DoD issued CAC, where the private key is protected with the card’s Personal Identification Number (PIN). Internally, PCTE issues machine certificates, the certificates are not configured to allow the private key to be exported. PCTE maps the CAC/ECA identity to an existing user in IdM using the Certificate Subject Common Name (CN). For all devices with machine certificates, the mapping between the issued certificate and the device is mapped to the internal PCTE CA (IdM) by subject CN.  The F5 BIG-IP is configured to deny-by-default all PKI-based authentication to virtual servers enforcing PKI-based access policies if it is unable to access revocation information via OCSP.

Milestone Plan:
The Infrastructure team will assess the feasibility of the proposed mitigation strategy. Based on their evaluation, they will either implement the mitigation or proceed with a formal Risk Acceptance request. This assessment is scheduled for completion by Q3 2025.
</ValidTrueComment>
      <ValidFalseStatus></ValidFalseStatus>
      <ValidFalseComment></ValidFalseComment>
    </AnswerKey>
  </Vuln>
  <Vuln ID="V-230230">
    <!--RHEL 8, for certificate-based authentication, must enforce authorized access to the corresponding private key.-->
    <AnswerKey Name="DEFAULT">
      <ExpectedStatus>Not_Reviewed</ExpectedStatus>
      <ValidationCode></ValidationCode>
      <ValidTrueStatus>NotAFinding</ValidTrueStatus>
      <ValidTrueComment>Status: Not a Finding

Manual Check:
All ssh keys have a passcode.

Rationale: Since all ssh keys have a passcode, this is not a finding.
</ValidTrueComment>
      <ValidFalseStatus></ValidFalseStatus>
      <ValidFalseComment></ValidFalseComment>
    </AnswerKey>
  </Vuln>
  <Vuln ID="V-230233">
    <!--The RHEL 8 shadow password suite must be configured to use a sufficient number of hashing rounds.-->
    <AnswerKey Name="DEFAULT">
      <ExpectedStatus>Open</ExpectedStatus>
      <ValidationCode></ValidationCode>
      <ValidTrueStatus>Open</ValidTrueStatus>
      <ValidTrueComment>Status: Open

Manual Check

Finding:
A minimum number of hash rounds is not configured.

Rationale:
Since a A minimum number of hash rounds is not configured, this is a finding.

Mitigation:
While SHA_CRYPT_MIN_ROUNDS is not set so 10000 it is set to SHA_CRYPT_MIN_ROUNDS 5000, mitigating some risk of no Min_Rounds being set.

Milestone Plan:
The Infrastructure team will assess the feasibility of the proposed mitigation strategy. Based on their evaluation, they will either implement the mitigation or proceed with a formal Risk Acceptance request. This assessment is scheduled for completion by Q3 2025.</ValidTrueComment>
      <ValidFalseStatus></ValidFalseStatus>
      <ValidFalseComment></ValidFalseComment>
    </AnswerKey>
  </Vuln>
  <Vuln ID="V-230243">
    <!--A sticky bit must be set on all RHEL 8 public directories to prevent unauthorized and unintended information transferred via shared system resources.-->
    <AnswerKey Name="DEFAULT">
      <ExpectedStatus>Open</ExpectedStatus>
      <ValidationCode></ValidationCode>
      <ValidTrueStatus>Open</ValidTrueStatus>
      <ValidTrueComment>Status: Open

Manual Check

Finding: 
All world-writable directories do not have the sticky bit set.

Rationale: 
Since All world-writable directories do not have the sticky bit set, this is a finding.

Mitigation: 
Set sticky bit using  sudo chmod 1777 [World-Writable Directory]

Milestone Plan:
The Infrastructure team will assess the feasibility of the proposed mitigation strategy. Based on their evaluation, they will either implement the mitigation or proceed with a formal Risk Acceptance request. This assessment is scheduled for completion by Q3 2025.
</ValidTrueComment>
      <ValidFalseStatus></ValidFalseStatus>
      <ValidFalseComment></ValidFalseComment>
    </AnswerKey>
  </Vuln>
  <Vuln ID="V-230244">
    <!--RHEL 8 must be configured so that all network connections associated with SSH traffic terminate after becoming unresponsive.-->
    <AnswerKey Name="DEFAULT">
      <ExpectedStatus>Open</ExpectedStatus>
      <ValidationCode></ValidationCode>
      <ValidTrueStatus>Open</ValidTrueStatus>
      <ValidTrueComment>Status: Open

Manual Check:

Finding:
/etc/ssh/sshd_config:ClientAliveCountMax 0

Rationale:
Since sshd_config file has ClientAliveCountMax = 0, this is a finding. 

Mitigation: 
Per SC-10 of PCTE SSP, PCTE terminates the network connection associated with a communications session at the end of the session or after 15 minutes of inactivity. Additionally, the F5 employs a maximum of 12 hours for both admin and vendor VPN on the development system, and 12 hours for admin VPN and 4 hours for vendor VPN on the production systems.

Milestone Plan:
The Infrastructure team will assess the feasibility of the proposed mitigation strategy. Based on their evaluation, they will either implement the mitigation or proceed with a formal Risk Acceptance request. This assessment is scheduled for completion by Q3 2025.
</ValidTrueComment>
      <ValidFalseStatus></ValidFalseStatus>
      <ValidFalseComment></ValidFalseComment>
    </AnswerKey>
  </Vuln>
  <Vuln ID="V-230251">
    <!--The RHEL 8 SSH server must be configured to use only Message Authentication Codes (MACs) employing FIPS 140-3 validated cryptographic hash algorithms.-->
    <AnswerKey Name="DEFAULT">
      <ExpectedStatus>Open</ExpectedStatus>
      <ValidationCode></ValidationCode>
      <ValidTrueStatus>Open</ValidTrueStatus>
      <ValidTrueComment>Status: Open

Manual Check:

Finding:
The MACs in opensshserver.config are not FIPS 140-2-approved algorithms.

Rationale:
Since MACs are not FIPS approved, this is a finding.

Mitigation:
Per AC17(2) of PCTE SSP, The F5 can secure the session using TLS encryption. To do this the F5 maintains an active SSL server certificate which is issued by a trusted commercial Certificate Authorities and supported by common web browsers. The public SSL configuration is evaluated by Qualys SSL Labs to ensure the proper configuration is performed. The Kasm portal secures sessions via TLS encryption using a certificate issued by the PCTE internal authoritative CA (IdM). PCTE employs Data-at-rest encryption for all data on the platform, to include PII.

Milestone Plan:
The Infrastructure team will assess the feasibility of the proposed mitigation strategy. Based on their evaluation, they will either implement the mitigation or proceed with a formal Risk Acceptance request. This assessment is scheduled for completion by Q3 2025.
</ValidTrueComment>
      <ValidFalseStatus></ValidFalseStatus>
      <ValidFalseComment></ValidFalseComment>
    </AnswerKey>
  </Vuln>
  <Vuln ID="V-230252">
    <!--The RHEL 8 operating system must implement DOD-approved encryption to protect the confidentiality of SSH server connections.-->
    <AnswerKey Name="DEFAULT">
      <ExpectedStatus>Open</ExpectedStatus>
      <ValidationCode></ValidationCode>
      <ValidTrueStatus>Open</ValidTrueStatus>
      <ValidTrueComment>Status: Open 

Manual Check:

Finding:
The CIPHERs in opensshserver.config are not FIPS 140-2-approved algorithms.

Rationale:
Since CIPhers are not approved FIPS ciphers, this is a finding

Mitigation: Crypto policy is configured following guidance from previous STIG version, it just hasn't been updated with the new FIPS 140-3 compliant ciphers yet.

Milestone Plan:
The Infrastructure team will assess the feasibility of the proposed mitigation strategy. Based on their evaluation, they will either implement the mitigation or proceed with a formal Risk Acceptance request. This assessment is scheduled for completion by Q3 2025.
</ValidTrueComment>
      <ValidFalseStatus></ValidFalseStatus>
      <ValidFalseComment></ValidFalseComment>
    </AnswerKey>
  </Vuln>
  <Vuln ID="V-230257">
    <!--RHEL 8 system commands must have mode 755 or less permissive.-->
    <AnswerKey Name="DEFAULT">
      <ExpectedStatus>Open</ExpectedStatus>
      <ValidationCode></ValidationCode>
      <ValidTrueStatus>Open</ValidTrueStatus>
      <ValidTrueComment>Status: Open

Manual Check:

Finding: The system commands contained in the following directories do not have mode '0755' or less permissive.
/bin /sbin /usr/bin /usr/sbin /usr/local/bin /usr/local/sbin

Rationale: Since The system commands contained in the following directories do not have mode '0755' or less permissive,this is a finding.

Mitigation:Mitigation: Access to PCTE infrastructure requires both authentication through the F5 VPN (CAC) and a properly provisioned admin account. All accounts are provisioned with the permission level necessary to perform an intended function.

Milestone Plan:
The Infrastructure team will assess the feasibility of the proposed mitigation strategy. Based on their evaluation, they will either implement the mitigation or proceed with a formal Risk Acceptance request. This assessment is scheduled for completion by Q3 2025.
</ValidTrueComment>
      <ValidFalseStatus></ValidFalseStatus>
      <ValidFalseComment></ValidFalseComment>
    </AnswerKey>
  </Vuln>
  <Vuln ID="V-230263">
    <!--The RHEL 8 file integrity tool must notify the system administrator when changes to the baseline configuration or anomalies in the operation of any security functions are discovered within an organizationally defined frequency.-->
    <AnswerKey Name="DEFAULT">
      <ExpectedStatus>Not_Reviewed</ExpectedStatus>
      <ValidationCode></ValidationCode>
      <ValidTrueStatus>Open</ValidTrueStatus>
      <ValidTrueComment>Status: Open

Rationale: AIDE is installed; however, it is NOT executed from cron.

Mitigation: 
PER CM-3 (5) in PCTE SSP, PCTE implements a SOC team with pre-configured triggers on the Elastic SIEM toautomatically alert if baseline configurations are changed in an unauthorized manner.  It also stores the latest approved vendor application. PCTE also implements the Evaluate STIG tool, Tenable ACAS, and Red Hat ACS to ensure there has been no deviations of the security baseline.

Milestone Plan:
The Infrastructure team will assess the feasibility of the proposed mitigation strategy. Based on their evaluation, they will either implement the mitigation or proceed with a formal Risk Acceptance request. This assessment is scheduled for completion by Q3 2025.
</ValidTrueComment>
      <ValidFalseStatus></ValidFalseStatus>
      <ValidFalseComment></ValidFalseComment>
    </AnswerKey>
  </Vuln>
  <Vuln ID="V-230264">
    <!--RHEL 8 must prevent the installation of software, patches, service packs, device drivers, or operating system components from a repository without verification they have been digitally signed using a certificate that is issued by a Certificate Authority (CA) that is recognized and approved by the organization.-->
    <AnswerKey Name="DEFAULT">
      <ExpectedStatus>NotAFinding</ExpectedStatus>
      <ValidationCode></ValidationCode>
      <ValidTrueStatus>NotAFinding</ValidTrueStatus>
      <ValidTrueComment></ValidTrueComment>
      <ValidFalseStatus>Open</ValidFalseStatus>
      <ValidFalseComment>Status: Open

Manual Check

Finding:

#  sudo grep -E '^\[.*\]|gpgcheck' /etc/yum.repos.d/*.repo
[PCTE_EPEL_EPEL8_Modular]
gpgcheck = 1
[rhel-8-for-x86_64-baseos-rpms]
gpgcheck = 1
[PCTE_Hashicorp_Terraform_RHEL8]
gpgcheck = 1
[PCTE_MongoDB_MongoDB-EL8]
gpgcheck = 1
[PCTE_EPEL_EPEL8_Everything]
gpgcheck = 1
[PCTE_Suricata_COPR_Suricata-7_0-EL8]
gpgcheck = 1
[PCTE_GitLab_GitLab_EL8]
gpgcheck = 0
[PCTE_Microsoft_Microsoft_EL8]
gpgcheck = 1
[PCTE_Elastic_Elastic]
gpgcheck = 1
[PCTE_Docker_Docker_EL8]
gpgcheck = 0
[PCTE_Nginx_Nginx_EL8]
gpgcheck = 0
[rhel-8-for-x86_64-appstream-rpms]
gpgcheck = 1
[ansible-2-for-rhel-8-x86_64-rpms]
gpgcheck = 1

Rationale:
gpgcheck is not =1 on all repos. Since gpgcheck is not =1 on all repos, this is a finding

Mitigation:
Edit /etc/yum.repos.d/* to have gpgcheck=1.

Milestone Plan:
The Infrastructure team will assess the feasibility of the proposed mitigation strategy. Based on their evaluation, they will either implement the mitigation or proceed with a formal Risk Acceptance request. This assessment is scheduled for completion by Q3 2025.
</ValidFalseComment>
    </AnswerKey>
  </Vuln>
  <Vuln ID="V-230274">
    <!--RHEL 8 must implement certificate status checking for multifactor authentication.-->
    <AnswerKey Name="DEFAULT">
      <ExpectedStatus>Open</ExpectedStatus>
      <ValidationCode></ValidationCode>
      <ValidTrueStatus>Open</ValidTrueStatus>
      <ValidTrueComment>Status: Open / Seek RA

Manual Check:

Finding:
The operating system does not implement certificate status checking for multifactor authentication.

Rationale:
Since MFA is not implemented, this is a finding.

Mitigation: 
Per IA-2 (11) of PCTE SSP, PCTE Implements the VPN Agreement for any user who remotely access PCTE via VPN. The VPN Agreement outlines the endpoint requirement prior to VPN connection. For administrators to access the PCTE system, they remote in via the F5 BIG IP VPN Gateway which requires a DoD CAC for admin VPN or Username/Password/ Time-based OTP for Vendor VPN prior to initiating a session. PCTE implements CAC for Admin VPN, and CAC/ECA or Username/Password/ Time-based OTP for Vendor VPN.

Milestone Plan:
The Infrastructure team will assess the feasibility of the proposed mitigation strategy. Based on their evaluation, they will either implement the mitigation or proceed with a formal Risk Acceptance request. This assessment is scheduled for completion by Q3 2025.
</ValidTrueComment>
      <ValidFalseStatus></ValidFalseStatus>
      <ValidFalseComment></ValidFalseComment>
    </AnswerKey>
  </Vuln>
  <Vuln ID="V-230279">
    <!--RHEL 8 must clear memory when it is freed to prevent use-after-free attacks.-->
    <AnswerKey Name="DEFAULT">
      <ExpectedStatus>Open</ExpectedStatus>
      <ValidationCode></ValidationCode>
      <ValidTrueStatus>Open</ValidTrueStatus>
      <ValidTrueComment>Status: Open

Finding:
GRUB 2 is not configured to mitigate use-after-free vulnerabilities by employing memory poisoning.

Rationale:
Since GRUB 2 is not configured to mitigate use-after-free vulnerabilities by employing memory poisoning, this is a finding.

Mitigation: 
The finding is mitigated by the appliance operating behind the boundary F5 firewall which is equipped with tailored firewall rules, boundary access control policies, Geo-location IP blocking, FIPs compliant ciphers, and it is configured to authenticate only known Common Access Card (CAC) and One-time-pin (OTP) enabled accounts. Access to the VPN requires that the Common Access Card (CAC) and One-time-pin (OTP) accounts are configured in the Identity Management appliance with specific internal access controls in place as determined by the account holder's account registration and request form which has to be approved and authorized by PCTE prior to account creation. Inside the boundary, VMWare NSX Software Defined Networking (SDN) further restricts network traffic by separating different Virtual Machines (VM) and network sections from one another. The NSX Distributed firewall inspects and monitors cross-segment traffic, and is configured to enforce a distributed security policy that implements granular controls that permit only authorized traffic.

Milestone Plan:
The Infrastructure team will assess the feasibility of the proposed mitigation strategy. Based on their evaluation, they will either implement the mitigation or proceed with a formal Risk Acceptance request. This assessment is scheduled for completion by Q3 2025.</ValidTrueComment>
      <ValidFalseStatus></ValidFalseStatus>
      <ValidFalseComment></ValidFalseComment>
    </AnswerKey>
  </Vuln>
  <Vuln ID="V-230287">
    <!--The RHEL 8 SSH private host key files must have mode 0640 or less permissive.-->
    <AnswerKey Name="DEFAULT">
      <ExpectedStatus>NotAFinding</ExpectedStatus>
      <ValidationCode></ValidationCode>
      <ValidTrueStatus>NotAFinding</ValidTrueStatus>
      <ValidTrueComment></ValidTrueComment>
      <ValidFalseStatus>Open</ValidFalseStatus>
      <ValidFalseComment>Status: Open

Manual Check

Finding:
SSH host key w/ perm gt 0640

Rationale:
The SSH private host key files do not have mode '0640' or less permissive.

Mitigation:
While the permission is not less =640, the permissions are set to 644, mitigating some of this risk.

Milestone Plan:
The Infrastructure team will assess the feasibility of the proposed mitigation strategy. Based on their evaluation, they will either implement the mitigation or proceed with a formal Risk Acceptance request. This assessment is scheduled for completion by Q3 2025.
</ValidFalseComment>
    </AnswerKey>
  </Vuln>
  <Vuln ID="V-230296">
    <!--RHEL 8 must not permit direct logons to the root account using remote access via SSH.-->
    <AnswerKey Name="DEFAULT">
      <ExpectedStatus>Open</ExpectedStatus>
      <ValidationCode></ValidationCode>
      <ValidTrueStatus>Open</ValidTrueStatus>
      <ValidTrueComment>Status: Open

Manual Check:

Finding:
/etc/ssh/sshd_config:PermitRootLogin yes

Rationale:
Since permit root login is set to yes, this will need to be changed to no.


Mitigation: 
Per IA-2 of PCTE SSP, PCTE Implements the VPN Agreement for any user who remotely access PCTE via VPN. The VPN Agreement outlines the endpoint requirement prior to VPN connection. For administrators to access the PCTE system, they remote in via the F5 BIG IP VPN Gateway which requires a DoD CAC for admin VPN or Username/Password/ Time-based OTP for Vendor VPN prior to initiating a session. PCTE implements CAC for Admin VPN, and CAC/ECA or Username/Password/ Time-based OTP for Vendor VPN.

Milestone Plan:
The Infrastructure team will assess the feasibility of the proposed mitigation strategy. Based on their evaluation, they will either implement the mitigation or proceed with a formal Risk Acceptance request. This assessment is scheduled for completion by Q3 2025.
</ValidTrueComment>
      <ValidFalseStatus></ValidFalseStatus>
      <ValidFalseComment></ValidFalseComment>
    </AnswerKey>
  </Vuln>
  <Vuln ID="V-230306">
    <!--RHEL 8 must prevent code from being executed on file systems that are imported via Network File System (NFS).-->
    <AnswerKey Name="DEFAULT">
      <ExpectedStatus>NotAFinding</ExpectedStatus>
      <ValidationCode></ValidationCode>
      <ValidTrueStatus>NotAFinding</ValidTrueStatus>
      <ValidTrueComment></ValidTrueComment>
      <ValidFalseStatus>Open</ValidFalseStatus>
      <ValidFalseComment>Status: Open

Manual Check

Finding:
File systems that are being NFS imported are not configured with the 'noexec' option.

Rationale:
File systems that are being NFS imported are not configured with the 'nodev' option.
10.42.43.131:/cm_vol01/cp-git_nfs_vol /mnt/cm/cp-git nfs nfsvers=3,nosuid,noexec 0 0 i
Since cm_vol01/cp-git_nfs_vol /mnt/cm/cp-git nfs does not have 'nodev' option this is a finding.

Mitigation: PER CM-3 (5) in PCTE SSP, PCTE implements a SOC team with pre-configured triggers on the Elastic SIEM toautomatically alert if baseline configurations are changed in an unauthorized manner.  It also stores the latest approved vendor application. PCTE also implements the Evaluate STIG tool, Tenable ACAS, and Red Hat ACS to ensure there has been no deviations of the security baseline.

Milestone Plan:
The Infrastructure team will assess the feasibility of the proposed mitigation strategy. Based on their evaluation, they will either implement the mitigation or proceed with a formal Risk Acceptance request. This assessment is scheduled for completion by Q3 2025.</ValidFalseComment>
    </AnswerKey>
  </Vuln>
  <Vuln ID="V-230307">
    <!--RHEL 8 must prevent special devices on file systems that are imported via Network File System (NFS).-->
    <AnswerKey Name="DEFAULT">
      <ExpectedStatus>NotAFinding</ExpectedStatus>
      <ValidationCode></ValidationCode>
      <ValidTrueStatus>NotAFinding</ValidTrueStatus>
      <ValidTrueComment></ValidTrueComment>
      <ValidFalseStatus>Open</ValidFalseStatus>
      <ValidFalseComment>Status: Open

Manual Check

Finding:
File systems that are being NFS imported are not configured with the 'nodev' option.

Rationale:
File systems that are being NFS imported are not configured with the 'nodev' option.
10.42.43.131:/cm_vol01/cp-git_nfs_vol /mnt/cm/cp-git nfs nfsvers=3,nosuid,noexec 0 0 i
Since cm_vol01/cp-git_nfs_vol /mnt/cm/cp-git nfs does not have 'nodev' option this is a finding.

Mitigation: PER CM-3 (5) in PCTE SSP, PCTE implements a SOC team with pre-configured triggers on the Elastic SIEM toautomatically alert if baseline configurations are changed in an unauthorized manner.  It also stores the latest approved vendor application. PCTE also implements the Evaluate STIG tool, Tenable ACAS, and Red Hat ACS to ensure there has been no deviations of the security baseline.


Milestone Plan:
The Infrastructure team will assess the feasibility of the proposed mitigation strategy. Based on their evaluation, they will either implement the mitigation or proceed with a formal Risk Acceptance request. This assessment is scheduled for completion by Q3 2025.</ValidFalseComment>
    </AnswerKey>
  </Vuln>
  <Vuln ID="V-230308">
    <!--RHEL 8 must prevent files with the setuid and setgid bit set from being executed on file systems that are imported via Network File System (NFS).-->
    <AnswerKey Name="DEFAULT">
      <ExpectedStatus>NotAFinding</ExpectedStatus>
      <ValidationCode></ValidationCode>
      <ValidTrueStatus>NotAFinding</ValidTrueStatus>
      <ValidTrueComment></ValidTrueComment>
      <ValidFalseStatus>Open</ValidFalseStatus>
      <ValidFalseComment>Status: Open

Manual Check

Finding:
File systems that are being NFS imported are not configured with the 'nosuid' option.

Rationale:
File systems that are being NFS imported are not configured with the 'nosuid' option, therefore this is a finding. 


Mitigation: PER CM-3 (5) in PCTE SSP, PCTE implements a SOC team with pre-configured triggers on the Elastic SIEM toautomatically alert if baseline configurations are changed in an unauthorized manner.  It also stores the latest approved vendor application. PCTE also implements the Evaluate STIG tool, Tenable ACAS, and Red Hat ACS to ensure there has been no deviations of the security baseline.

Milestone Plan:
The Infrastructure team will assess the feasibility of the proposed mitigation strategy. Based on their evaluation, they will either implement the mitigation or proceed with a formal Risk Acceptance request. This assessment is scheduled for completion by Q3 2025.</ValidFalseComment>
    </AnswerKey>
  </Vuln>
  <Vuln ID="V-230311">
    <!--RHEL 8 must disable the kernel.core_pattern.-->
    <AnswerKey Name="DEFAULT">
      <ExpectedStatus>Open</ExpectedStatus>
      <ValidationCode></ValidationCode>
      <ValidTrueStatus>Open</ValidTrueStatus>
      <ValidTrueComment>Status: Open

Manual Check:

Finding: The operating system does not disable storing core dumps.

Rationale: Since The operating system does not disable storing core dumps,this is a finding.

Mitigation: Access to PCTE infrastructure requires both authentication through the F5 VPN (CAC) and a properly provisioned admin account. All accounts are provisioned with the permission level necessary to perform an intended function.

Milestone Plan:
The Infrastructure team will assess the feasibility of the proposed mitigation strategy. Based on their evaluation, they will either implement the mitigation or proceed with a formal Risk Acceptance request. This assessment is scheduled for completion by Q3 2025.
</ValidTrueComment>
      <ValidFalseStatus></ValidFalseStatus>
      <ValidFalseComment></ValidFalseComment>
    </AnswerKey>
  </Vuln>
  <Vuln ID="V-230316">
    <!--For RHEL 8 systems using Domain Name Servers (DNS) resolution, at least two name servers must be configured.-->
    <AnswerKey Name="DEFAULT">
      <ExpectedStatus>Open</ExpectedStatus>
      <ValidationCode></ValidationCode>
      <ValidTrueStatus>Open</ValidTrueStatus>
      <ValidTrueComment>Status: Open

Manual Check:

Finding:
One DNS Server

Rationale:
The system is using DNS name resolution but has less than 2 name servers for DNS resolution. Could lead to the failure of security functions requiring name resolution, which may include time synchronization, centralized authentication, and remote system logging.

Mitigation Statement: The network team need to add one more nameserver to close this out. Oobgen is sitting behind the F5 where a CAC is needed to access it.

Milestone Plan:
The Infrastructure team will assess the feasibility of the proposed mitigation strategy. Based on their evaluation, they will either implement the mitigation or proceed with a formal Risk Acceptance request. This assessment is scheduled for completion by Q3 2025.
</ValidTrueComment>
      <ValidFalseStatus></ValidFalseStatus>
      <ValidFalseComment></ValidFalseComment>
    </AnswerKey>
  </Vuln>
  <Vuln ID="V-230318">
    <!--All RHEL 8 world-writable directories must be owned by root, sys, bin, or an application user.-->
    <AnswerKey Name="DEFAULT">
      <ExpectedStatus>Open</ExpectedStatus>
      <ValidationCode></ValidationCode>
      <ValidTrueStatus>NotAFinding</ValidTrueStatus>
      <ValidTrueComment>False Positive 

sudo find / -xdev -type d -perm -0002 -uid +999 -print
no output


</ValidTrueComment>
      <ValidFalseStatus></ValidFalseStatus>
      <ValidFalseComment></ValidFalseComment>
    </AnswerKey>
  </Vuln>
  <Vuln ID="V-230319">
    <!--All RHEL 8 world-writable directories must be group-owned by root, sys, bin, or an application group.-->
    <AnswerKey Name="DEFAULT">
      <ExpectedStatus>Open</ExpectedStatus>
      <ValidationCode></ValidationCode>
      <ValidTrueStatus>NotAFinding</ValidTrueStatus>
      <ValidTrueComment>False Positive 

sudo find / -xdev -type d -perm -0002 -uid +999 -print
no output


</ValidTrueComment>
      <ValidFalseStatus></ValidFalseStatus>
      <ValidFalseComment></ValidFalseComment>
    </AnswerKey>
  </Vuln>
  <Vuln ID="V-230326">
    <!--All RHEL 8 local files and directories must have a valid owner.-->
    <AnswerKey Name="DEFAULT">
      <ExpectedStatus>Open</ExpectedStatus>
      <ValidationCode></ValidationCode>
      <ValidTrueStatus>Open</ValidTrueStatus>
      <ValidTrueComment>Status: Open

Manual Check

Finding:

# sudo find / -fstype xfs -nouser
/home/david.hoskins.adm
/home/david.hoskins.adm/.bash_logout
/home/david.hoskins.adm/.bash_profile
/home/david.hoskins.adm/.bashrc
find: ‘/proc/1177962/task/1177962/fd/5’: No such file or directory
find: ‘/proc/1177962/task/1177962/fdinfo/5’: No such file or directory
find: ‘/proc/1177962/fd/7’: No such file or directory
find: ‘/proc/1177962/fdinfo/7’: No such file or directory

Rationale: 
Since Accessible files and directories on the system do not have a valid owner,this is a finding.

Mitigation:
Add owners using chown &amp;amp;lt;user&amp;amp;gt; &amp;amp;lt;file&amp;amp;gt; to files identified in finding details.

Milestone Plan:
The Infrastructure team will assess the feasibility of the proposed mitigation strategy. Based on their evaluation, they will either implement the mitigation or proceed with a formal Risk Acceptance request. This asse</ValidTrueComment>
      <ValidFalseStatus></ValidFalseStatus>
      <ValidFalseComment></ValidFalseComment>
    </AnswerKey>
  </Vuln>
  <Vuln ID="V-230327">
    <!--All RHEL 8 local files and directories must have a valid group owner.-->
    <AnswerKey Name="DEFAULT">
      <ExpectedStatus>Open</ExpectedStatus>
      <ValidationCode></ValidationCode>
      <ValidTrueStatus>Open</ValidTrueStatus>
      <ValidTrueComment>Status: Open 

Manual Check:

Finding:
Accessible files and directories on the system do not have a valid group.

Rationale:
Since ray.kennedy.adm has directories with no valid group this is a finding.

Mitigation: 
The finding is mitigated by the appliance operating behind the boundary F5 firewall which is equipped with tailored firewall rules, boundary access control policies, Geo-location IP blocking, FIPs compliant ciphers, and it is configured to authenticate only known Common Access Card (CAC) and One-time-pin (OTP) enabled accounts. Access to the VPN requires that the Common Access Card (CAC) and One-time-pin (OTP) accounts are configured in the Identity Management appliance with specific internal access controls in place as determined by the account holder's account registration and request form which has to be approved and authorized by PCTE prior to account creation. Inside the boundary, VMWare NSX Software Defined Networking (SDN) further restricts network traffic by separating different Virtual Machines (VM) and network sections from one another. The NSX Distributed firewall inspects and monitors cross-segment traffic, and is configured to enforce a distributed security policy that implements granular controls that permit only authorized traffic.

The boundary F5 firewall is configured to log all boundary VPN authentications and attempted logins. Inside the boundary, all RHEL VMs are configured according to STIG guidelines for local logging requirements. Elastic is configured as the central log server. It ingests, parses, and alerts the SoC on all auditable events. Audits are logged for VMs via Elastic Agents installed on all RHEL VMs to collect and transport logs to the SIEM cluster. Elastic ingests infrastructure logs via an integration with the VMWare vRealize Log Insight (vRLI) appliance to collect and forward infrastructure component logs to the SIEM cluster, therefore the vulnerability is mitigated through multiple layers of defense.

Milestone Plan:
The Infrastructure team will assess the feasibility of the proposed mitigation strategy. Based on their evaluation, they will either implement the mitigation or proceed with a formal Risk Acceptance request. This assessment is scheduled for completion by Q3 2025.
</ValidTrueComment>
      <ValidFalseStatus></ValidFalseStatus>
      <ValidFalseComment></ValidFalseComment>
    </AnswerKey>
  </Vuln>
  <Vuln ID="V-230331">
    <!--RHEL 8 temporary user accounts must be provisioned with an expiration time of 72 hours or less.-->
    <AnswerKey Name="DEFAULT">
      <ExpectedStatus>Not_Reviewed</ExpectedStatus>
      <ValidationCode></ValidationCode>
      <ValidTrueStatus>NotAFinding</ValidTrueStatus>
      <ValidTrueComment>Changed from NR to Not A Finding

Mitigation:
Per AC-2 of PCTE SSP,  The RHEL IdM service will ensure that accounts with 35 days or more of inactivity are disabled for administrator and vendor accounts, 90 days or more of inactivity are disabled for user accounts, and 365 days or more of inactivity for break glass and service accounts within PCTE. This finding should seek RA.
</ValidTrueComment>
      <ValidFalseStatus></ValidFalseStatus>
      <ValidFalseComment></ValidFalseComment>
    </AnswerKey>
  </Vuln>
  <Vuln ID="V-230355">
    <!--RHEL 8 must map the authenticated identity to the user or group account for PKI-based authentication.-->
    <AnswerKey Name="DEFAULT">
      <ExpectedStatus>Not_Reviewed</ExpectedStatus>
      <ValidationCode></ValidationCode>
      <ValidTrueStatus>NotAFinding</ValidTrueStatus>
      <ValidTrueComment>Changed from NR to Not A Finding

Mitigation: 
Per IA-5(2) of PCTE SSP, PCTE validates DoD certificates by constructing and verifying a certificate path to an accepted DoD trust anchor (to include ECA) including checking certificate status information via the DISA Online Certificate Status Protocol (OCSP). PCTE will use the DoD issued CAC, where the private key is protected with the card’s Personal Identification Number (PIN). Internally, PCTE issues machine certificates, the certificates are not configured to allow the private key to be exported. PCTE maps the CAC/ECA identity to an existing user in IdM using the Certificate Subject Common Name (CN). For all devices with machine certificates, the mapping between the issued certificate and the device is mapped to the internal PCTE CA (IdM) by subject CN.  The F5 BIG-IP is configured to deny-by-default all PKI-based authentication to virtual servers enforcing PKI-based access policies if it is unable to access revocation information via OCSP. 

</ValidTrueComment>
      <ValidFalseStatus></ValidFalseStatus>
      <ValidFalseComment></ValidFalseComment>
    </AnswerKey>
  </Vuln>
  <Vuln ID="V-230364">
    <!--RHEL 8 passwords must have a 24 hours/1 day minimum password lifetime restriction in /etc/shadow.-->
    <AnswerKey Name="DEFAULT">
      <ExpectedStatus>Open</ExpectedStatus>
      <ValidationCode></ValidationCode>
      <ValidTrueStatus>Open</ValidTrueStatus>
      <ValidTrueComment>Status: Open

Manual Check

Finding:
Root does not have a minimum lifetime password restriction

Rationale:
Since Root does not have a minimum lifetime password restriction, this is a finding.

Mitigation:
Only 1 local account does not have a minimum lifetime restriction, all other accounts authenticating using LDAP do have this configuration along with max lifetime and pw complexity requirements.

Milestone Plan:
The Infrastructure team will assess the feasibility of the proposed mitigation strategy. Based on their evaluation, they will either implement the mitigation or proceed with a formal Risk Acceptance request. This assessment is scheduled for completion by Q3 2025.

</ValidTrueComment>
      <ValidFalseStatus></ValidFalseStatus>
      <ValidFalseComment></ValidFalseComment>
    </AnswerKey>
  </Vuln>
  <Vuln ID="V-230372">
    <!--RHEL 8 must implement smart card logon for multifactor authentication for access to interactive accounts.-->
    <AnswerKey Name="DEFAULT">
      <ExpectedStatus>Open</ExpectedStatus>
      <ValidationCode></ValidationCode>
      <ValidTrueStatus>Open</ValidTrueStatus>
      <ValidTrueComment>Status: Open, Seeking Risk Acceptance

Manual Check:

Finding: The operating system does not use multifactor authentication for local access to accounts in 'sssd.

Rationale: Since The operating system does not use multifactor authentication for local access to accounts in 'sssd.conf',this is a finding.


Mitigation: Per IA-2(1) of PCTE SSP, PCTE implements MFA for all privileged accounts on the PCTE platform. PCTE inherits MFA for access to the PCTE platform via clients hosted on a Classified network. IA-2(2) states MFA is achieved via CAC login to F5 to gain access to environment, before PCTE account login is permitted. PCTE implements MFA for all non-privileged accounts on the PCTE platform. For users logging into portal/apps, they first login to F5 and then use SSO for LDAP username/password and OTP prompt.


Milestone Plan:
The Infrastructure team will assess the feasibility of the proposed mitigation strategy. Based on their evaluation, they will either implement the mitigation or proceed with a formal Risk Acceptance request. This assessment is scheduled for completion by Q3 2025.
</ValidTrueComment>
      <ValidFalseStatus></ValidFalseStatus>
      <ValidFalseComment></ValidFalseComment>
    </AnswerKey>
  </Vuln>
  <Vuln ID="V-230374">
    <!--RHEL 8 must automatically expire temporary accounts within 72 hours.-->
    <AnswerKey Name="DEFAULT">
      <ExpectedStatus>Not_Reviewed</ExpectedStatus>
      <ValidationCode></ValidationCode>
      <ValidTrueStatus>NotAFinding</ValidTrueStatus>
      <ValidTrueComment>Changed from NR to Not A Finding

Manual Check:

Finding: Verify emergency accounts have been provisioned with an expiration date of 72 hours.

Mitigation:
Per AC-2 of PCTE SSP, The RHEL IdM service will ensure that accounts with 35 days or more of inactivity are disabled for administrator and vendor accounts, 90 days or more of inactivity are disabled for user accounts, and 365 days or more of inactivity for break glass and service accounts within PCTE.
</ValidTrueComment>
      <ValidFalseStatus></ValidFalseStatus>
      <ValidFalseComment></ValidFalseComment>
    </AnswerKey>
  </Vuln>
  <Vuln ID="V-230376">
    <!--RHEL 8 must prohibit the use of cached authentications after one day.-->
    <AnswerKey Name="DEFAULT">
      <ExpectedStatus>Open</ExpectedStatus>
      <ValidationCode></ValidationCode>
      <ValidTrueStatus>Not_Applicable</ValidTrueStatus>
      <ValidTrueComment>Status: Not Applicable

Manual Check:
Smart card authentication is not being used on the system this item is Not Applicable.
Acceptance.
</ValidTrueComment>
      <ValidFalseStatus></ValidFalseStatus>
      <ValidFalseComment></ValidFalseComment>
    </AnswerKey>
  </Vuln>
  <Vuln ID="V-230379">
    <!--RHEL 8 must not have unnecessary accounts.-->
    <AnswerKey Name="DEFAULT">
      <ExpectedStatus>Not_Reviewed</ExpectedStatus>
      <ValidationCode></ValidationCode>
      <ValidTrueStatus>NotAFinding</ValidTrueStatus>
      <ValidTrueComment>Changed from NR to Not A Finding

Manual Check:

Finding: Verify all accounts on the system are assigned to an active system, application, or user account.
COMMENTS:
Finding: Gitlab root, and pcte_admin are the only users with local shell accounts. All of these accounts are necessary and required for PCTE.
</ValidTrueComment>
      <ValidFalseStatus></ValidFalseStatus>
      <ValidFalseComment></ValidFalseComment>
    </AnswerKey>
  </Vuln>
  <Vuln ID="V-230390">
    <!--The RHEL 8 System must take appropriate action when an audit processing failure occurs.-->
    <AnswerKey Name="DEFAULT">
      <ExpectedStatus>Open</ExpectedStatus>
      <ValidationCode></ValidationCode>
      <ValidTrueStatus>Open</ValidTrueStatus>
      <ValidTrueComment>Status: Open 

Manual Check

Finding:
disk_error_action = SUSPEND

Rationale:
RHEL 8 is not configured to take appropriate action when an audit processing failure occurs, or the disk_error_action parameter in /etc/audit/auditd.conf is set to disk_error_action = SUSPEND
Failure to take appropriate action during audit processing failures can result in undetected security incidents, loss of audit data, or system compromises due to an inability to capture and review audit logs.

Mitigation:  
Per AU-5 of PCTE SSP, The PCTE SOC receives automated alerts from the Elastic SIEM dashboard in the event of an audit processing failure. The PCTE SOC follows the IRP process to investigate an alert and submit a help desk ticket if further investigation or remediation is required by the Cyber team or Infrastructure team. The next step after an alert is deemed valid, is to create a Help Desk ticket for the ROC team who will escalate, as necessary.

Milestone Plan:
The Infrastructure team will assess the feasibility of the proposed mitigation strategy. Based on their evaluation, they will either implement the mitigation or proceed with a formal Risk Acceptance request. This assessment is scheduled for completion by Q3 2025.
</ValidTrueComment>
      <ValidFalseStatus></ValidFalseStatus>
      <ValidFalseComment></ValidFalseComment>
    </AnswerKey>
  </Vuln>
  <Vuln ID="V-230392">
    <!--The RHEL 8 audit system must take appropriate action when the audit storage volume is full.-->
    <AnswerKey Name="DEFAULT">
      <ExpectedStatus>Open</ExpectedStatus>
      <ValidationCode></ValidationCode>
      <ValidTrueStatus>Open</ValidTrueStatus>
      <ValidTrueComment>Status: Open 

Manual Check

Finding:
disk_full_action = SUSPEND

Rationale:
RHEL 8 is not configured to take appropriate action when an audit processing failure occurs, or the disk_error_action parameter in /etc/audit/auditd.conf is set to disk_full_action = SUSPEND
Failure to take appropriate action during audit processing failures can result in undetected security incidents, loss of audit data, or system compromises due to an inability to capture and review audit logs.

Mitigation: The disk_error_action is set to a less intrusive SUSPEND, which puts the system into single user mode and disallows normal system boot until the audit processing failure has been corrected. 

Milestone Plan:
The Infrastructure team will assess the feasibility of the proposed mitigation strategy. Based on their evaluation, they will either implement the mitigation or proceed with a formal Risk Acceptance request. This assessment is scheduled for completion by Q3 2025.

</ValidTrueComment>
      <ValidFalseStatus></ValidFalseStatus>
      <ValidFalseComment></ValidFalseComment>
    </AnswerKey>
  </Vuln>
  <Vuln ID="V-230476">
    <!--RHEL 8 must allocate audit record storage capacity to store at least one week of audit records, when audit records are not immediately sent to a central audit record storage facility.-->
    <AnswerKey Name="DEFAULT">
      <ExpectedStatus>Not_Reviewed</ExpectedStatus>
      <ValidationCode></ValidationCode>
      <ValidTrueStatus>NotAFinding</ValidTrueStatus>
      <ValidTrueComment>Status: Not a Finding

Changed from NR to Not A Finding 

Mitigation:
Per AU-4 of PCTE SSP, The Elastic SIEM cluster is configured as an extra-large cluster with combined storage capable of hosting a maximum of seven days of logs in the "hot" storage, 7-30 days’ worth of logs in the "warm" storage, and 30+ days in cold/frozen (snapshot) storage. The only difference between the storage types (hot, warm, cold) is the "shard" area that Kibana is querying, and the length of time to return a query result. </ValidTrueComment>
      <ValidFalseStatus></ValidFalseStatus>
      <ValidFalseComment></ValidFalseComment>
    </AnswerKey>
  </Vuln>
  <Vuln ID="V-230479">
    <!--The RHEL 8 audit records must be off-loaded onto a different system or storage media from the system being audited.-->
    <AnswerKey Name="DEFAULT">
      <ExpectedStatus>Open</ExpectedStatus>
      <ValidationCode></ValidationCode>
      <ValidTrueStatus>NotAFinding</ValidTrueStatus>
      <ValidTrueComment>Status: Not a Finding, False Positive

Manual Check:
Audit logs are offloaded to the Elastic SIEM.
systemctl status elastic-agent
WARNING: terminal is not fully functional
-  (press RETURN)● elastic-agent.service - Agent manages other beats based on configuration prov&amp;gt;
   Loaded: loaded (/usr/lib/systemd/system/elastic-agent.service; enabled; vend&amp;gt;
   Active: active (running) since Mon 2025-02-24 15:53:17 UTC; 2 days ago
     Docs: https://www.elastic.co/elastic-agent
 Main PID: 558593 (elastic-agent)
    Tasks: 104 (limit: 50640)
   Memory: 679.1M
   CGroup: /system.slice/elastic-agent.service
           ├─558593 /usr/share/elastic-agent/bin/elastic-agent --path.home /var&amp;gt;
           ├─558637 /var/lib/elastic-agent/data/elastic-agent-8.14.2-173817/com&amp;gt;
           ├─558654 /var/lib/elastic-agent/data/elastic-agent-8.14.2-173817/com&amp;gt;
           ├─558664 /var/lib/elastic-agent/data/elastic-agent-8.14.2-173817/com&amp;gt;
           ├─558680 /var/lib/elastic-agent/data/elastic-agent-8.14.2-173817/com&amp;gt;
           ├─558690 /var/lib/elastic-agent/data/elastic-agent-8.14.2-173817/com&amp;gt;
           ├─558701 /var/lib/elastic-agent/data/elastic-agent-8.14.2-173817/com&amp;gt;
           ├─558711 /var/lib/elastic-agent/data/elastic-agent-8.14.2-173817/com&amp;gt;
           └─558713 /var/lib/elastic-agent/data/elastic-agent-8.14.2-173817/com&amp;gt;


Milestone Plan:
The Infrastructure team will assess the feasibility of the proposed mitigation strategy. Based on their evaluation, they will either implement the mitigation or proceed with a formal Risk Acceptance request. This assessment is scheduled for completion by Q3 2025.</ValidTrueComment>
      <ValidFalseStatus></ValidFalseStatus>
      <ValidFalseComment></ValidFalseComment>
    </AnswerKey>
  </Vuln>
  <Vuln ID="V-230482">
    <!--RHEL 8 must authenticate the remote logging server for off-loading audit logs.-->
    <AnswerKey Name="DEFAULT">
      <ExpectedStatus>Not_Reviewed</ExpectedStatus>
      <ValidationCode></ValidationCode>
      <ValidTrueStatus></ValidTrueStatus>
      <ValidTrueComment></ValidTrueComment>
      <ValidFalseStatus></ValidFalseStatus>
      <ValidFalseComment></ValidFalseComment>
    </AnswerKey>
  </Vuln>
  <Vuln ID="V-230484">
    <!--RHEL 8 must securely compare internal information system clocks at least every 24 hours with a server synchronized to an authoritative time source, such as the United States Naval Observatory (USNO) time servers, or a time server designated for the appropriate DoD network (NIPRNet/SIPRNet), and/or the Global Positioning System (GPS).-->
    <AnswerKey Name="DEFAULT">
      <ExpectedStatus>Not_Reviewed</ExpectedStatus>
      <ValidationCode></ValidationCode>
      <ValidTrueStatus>Open</ValidTrueStatus>
      <ValidTrueComment>Status: Open 

Manual Check:

Finding:
The operating system is not securely comparing internal information system clocks at least every 24 hours.

Rationale:
Since OS does not compare system clocks every 24 hours, this is a finding.

Mitigation:
ntp is configured via a service other than chrony
timedatectl status
               Local time: Wed 2025-02-26 23:04:35 UTC
           Universal time: Wed 2025-02-26 23:04:35 UTC
                 RTC time: Wed 2025-02-26 23:04:35
                Time zone: Etc/UTC (UTC, +0000)
System clock synchronized: yes
              NTP service: active
          RTC in local TZ: no

Milestone Plan:
The Infrastructure team will assess the feasibility of the proposed mitigation strategy. Based on their evaluation, they will either implement the mitigation or proceed with a formal Risk Acceptance request. This assessment is scheduled for completion by Q3 2025.
</ValidTrueComment>
      <ValidFalseStatus></ValidFalseStatus>
      <ValidFalseComment></ValidFalseComment>
    </AnswerKey>
  </Vuln>
  <Vuln ID="V-230494">
    <!--RHEL 8 must disable the asynchronous transfer mode (ATM) protocol.-->
    <AnswerKey Name="DEFAULT">
      <ExpectedStatus>Open</ExpectedStatus>
      <ValidationCode></ValidationCode>
      <ValidTrueStatus>Open</ValidTrueStatus>
      <ValidTrueComment>Status: Open

Manual Check

Finding: 
install (protocol) /bin/true

Rationale:
Since the protocol is not set to /bin/false, this is a finding.

Mitigation:
While the protocol is not set to /bin/false, it is blacklsited in the blacklist.conf file.

Milestone Plan:
The Infrastructure team will assess the feasibility of the proposed mitigation strategy. Based on their evaluation, they will either implement the mitigation or proceed with a formal Risk Acceptance request. This assessment is scheduled for completion by Q3 2025.</ValidTrueComment>
      <ValidFalseStatus></ValidFalseStatus>
      <ValidFalseComment></ValidFalseComment>
    </AnswerKey>
  </Vuln>
  <Vuln ID="V-230495">
    <!--RHEL 8 must disable the controller area network (CAN) protocol.-->
    <AnswerKey Name="DEFAULT">
      <ExpectedStatus>Open</ExpectedStatus>
      <ValidationCode></ValidationCode>
      <ValidTrueStatus>Open</ValidTrueStatus>
      <ValidTrueComment>Status: Open

Manual Check

Finding: 
install (protocol) /bin/true

Rationale:
Since the protocol is not set to /bin/false, this is a finding.

Mitigation:
While the protocol is not set to /bin/false, it is blacklsited in the blacklist.conf file.

Milestone Plan:
The Infrastructure team will assess the feasibility of the proposed mitigation strategy. Based on their evaluation, they will either implement the mitigation or proceed with a formal Risk Acceptance request. This assessment is scheduled for completion by Q3 2025.</ValidTrueComment>
      <ValidFalseStatus></ValidFalseStatus>
      <ValidFalseComment></ValidFalseComment>
    </AnswerKey>
  </Vuln>
  <Vuln ID="V-230496">
    <!--RHEL 8 must disable the stream control transmission protocol (SCTP).-->
    <AnswerKey Name="DEFAULT">
      <ExpectedStatus>Open</ExpectedStatus>
      <ValidationCode></ValidationCode>
      <ValidTrueStatus>Open</ValidTrueStatus>
      <ValidTrueComment>Status: Open

Manual Check

Finding: 
install (protocol) /bin/true

Rationale:
Since the protocol is not set to /bin/false, this is a finding.

Mitigation:
While the protocol is not set to /bin/false, it is blacklsited in the blacklist.conf file.

Milestone Plan:
The Infrastructure team will assess the feasibility of the proposed mitigation strategy. Based on their evaluation, they will either implement the mitigation or proceed with a formal Risk Acceptance request. This assessment is scheduled for completion by Q3 2025.</ValidTrueComment>
      <ValidFalseStatus></ValidFalseStatus>
      <ValidFalseComment></ValidFalseComment>
    </AnswerKey>
  </Vuln>
  <Vuln ID="V-230497">
    <!--RHEL 8 must disable the transparent inter-process communication (TIPC) protocol.-->
    <AnswerKey Name="DEFAULT">
      <ExpectedStatus>Open</ExpectedStatus>
      <ValidationCode></ValidationCode>
      <ValidTrueStatus>Open</ValidTrueStatus>
      <ValidTrueComment>Status: Open

Manual Check

Finding: 
install (protocol) /bin/true

Rationale:
Since the protocol is not set to /bin/false, this is a finding.

Mitigation:
While the protocol is not set to /bin/false, it is blacklsited in the blacklist.conf file.

Milestone Plan:
The Infrastructure team will assess the feasibility of the proposed mitigation strategy. Based on their evaluation, they will either implement the mitigation or proceed with a formal Risk Acceptance request. This assessment is scheduled for completion by Q3 2025.</ValidTrueComment>
      <ValidFalseStatus></ValidFalseStatus>
      <ValidFalseComment></ValidFalseComment>
    </AnswerKey>
  </Vuln>
  <Vuln ID="V-230498">
    <!--RHEL 8 must disable mounting of cramfs.-->
    <AnswerKey Name="DEFAULT">
      <ExpectedStatus>Open</ExpectedStatus>
      <ValidationCode></ValidationCode>
      <ValidTrueStatus>Open</ValidTrueStatus>
      <ValidTrueComment>Status: Open

Manual Check

Finding: 
install (protocol) /bin/true

Rationale:
Since the protocol is not set to /bin/false, this is a finding.

Mitigation:
While the protocol is not set to /bin/false, it is blacklsited in the blacklist.conf file.

Milestone Plan:
The Infrastructure team will assess the feasibility of the proposed mitigation strategy. Based on their evaluation, they will either implement the mitigation or proceed with a formal Risk Acceptance request. This assessment is scheduled for completion by Q3 2025.</ValidTrueComment>
      <ValidFalseStatus></ValidFalseStatus>
      <ValidFalseComment></ValidFalseComment>
    </AnswerKey>
  </Vuln>
  <Vuln ID="V-230499">
    <!--RHEL 8 must disable IEEE 1394 (FireWire) Support.-->
    <AnswerKey Name="DEFAULT">
      <ExpectedStatus>Open</ExpectedStatus>
      <ValidationCode></ValidationCode>
      <ValidTrueStatus>Open</ValidTrueStatus>
      <ValidTrueComment>Status: Open

Manual Check

Finding: 
install (protocol) /bin/true

Rationale:
Since the protocol is not set to /bin/false, this is a finding.

Mitigation:
While the protocol is not set to /bin/false, it is blacklsited in the blacklist.conf file.

Milestone Plan:
The Infrastructure team will assess the feasibility of the proposed mitigation strategy. Based on their evaluation, they will either implement the mitigation or proceed with a formal Risk Acceptance request. This assessment is scheduled for completion by Q3 2025.</ValidTrueComment>
      <ValidFalseStatus></ValidFalseStatus>
      <ValidFalseComment></ValidFalseComment>
    </AnswerKey>
  </Vuln>
  <Vuln ID="V-230500">
    <!--RHEL 8 must be configured to prohibit or restrict the use of functions, ports, protocols, and/or services, as defined in the Ports, Protocols, and Services Management (PPSM) Category Assignments List (CAL) and vulnerability assessments.-->
    <AnswerKey Name="DEFAULT">
      <ExpectedStatus>Not_Reviewed</ExpectedStatus>
      <ValidationCode></ValidationCode>
      <ValidTrueStatus>NotAFinding</ValidTrueStatus>
      <ValidTrueComment>Status: Not A Finding

Manual Check:

Since Per CM-7 of PCTE SSP, As defined in the STIGs/SRGs that pertain the PCTE System, only processes that are required to run on the VM are enabled. Services or processes within vendor applications that are not required have also been removed/disabled.  PCTE deploys firewalls internally to the system at different locations, all of which have rules that restrict PPS. The boundaries of the PCTE System also employ firewall rules that define the denied PPS into the PCTE system.  DoD has defined the information system prohibited or restricted functions, ports, protocols, and/or services as IAW DoDI 8551.01,this is not a finding.
</ValidTrueComment>
      <ValidFalseStatus></ValidFalseStatus>
      <ValidFalseComment></ValidFalseComment>
    </AnswerKey>
  </Vuln>
  <Vuln ID="V-230503">
    <!--RHEL 8 must be configured to disable USB mass storage.-->
    <AnswerKey Name="DEFAULT">
      <ExpectedStatus>Open</ExpectedStatus>
      <ValidationCode></ValidationCode>
      <ValidTrueStatus>NotAFinding</ValidTrueStatus>
      <ValidTrueComment>Status: Not a Finding, False Positive 

Finding: 
This is a false positive, usb-storage is blacklisted in the following directory: /etc/modprobe.d/blacklist.conf:blacklist usb-storage
</ValidTrueComment>
      <ValidFalseStatus></ValidFalseStatus>
      <ValidFalseComment></ValidFalseComment>
    </AnswerKey>
  </Vuln>
  <Vuln ID="V-230504">
    <!--A RHEL 8 firewall must employ a deny-all, allow-by-exception policy for allowing connections to other systems.-->
    <AnswerKey Name="DEFAULT">
      <ExpectedStatus>NotAFinding</ExpectedStatus>
      <ValidationCode></ValidationCode>
      <ValidTrueStatus>NotAFinding</ValidTrueStatus>
      <ValidTrueComment></ValidTrueComment>
      <ValidFalseStatus>Open</ValidFalseStatus>
      <ValidFalseComment>Status: Open, Seeking Risk Acceptance

Manual Check:

Finding: The operating system's 'firewalld' is not configured to employ a deny-all, allow-by-exception policy for allowing connections to other systems.

Rationale: Since The operating system's 'firewalld' is not configured to employ a deny-all, allow-by-exception policy for allowing connections to other systems,this is a finding.

Mitigation: Per AC-17 (1) of PCTE SSP, All remote access into the PCTE system is monitored via audit logging of the remote access device (F5 BIG IP or Kasm Portal). Both security functions send audit events to the Elastic SIEM stack which is monitored daily by the PCTE SOC team.

Milestone Plan: Seeking risk acceptance by Q3 of 2025
</ValidFalseComment>
    </AnswerKey>
  </Vuln>
  <Vuln ID="V-230546">
    <!--RHEL 8 must restrict usage of ptrace to descendant  processes.-->
    <AnswerKey Name="DEFAULT">
      <ExpectedStatus>Open</ExpectedStatus>
      <ValidationCode></ValidationCode>
      <ValidTrueStatus>Open</ValidTrueStatus>
      <ValidTrueComment>Status: Open 

Manual Check:

Finding:
#  sudo grep -r kernel.yama.ptrace_scope /run/sysctl.d/*.conf /usr/local/lib/sysctl.d/*.conf /usr/lib/sysctl.d/*.conf /lib/sysctl.d/*.conf /etc/sysctl.conf /etc/sysctl.d/*.conf

grep: /run/sysctl.d/*.conf: No such file or directory
grep: /usr/local/lib/sysctl.d/*.conf: No such file or directory
/usr/lib/sysctl.d/10-default-yama-scope.conf:kernel.yama.ptrace_scope = 0
/lib/sysctl.d/10-default-yama-scope.conf:kernel.yama.ptrace_scope = 0
/etc/sysctl.conf:# Per CCE-80953-3: Set kernel.yama.ptrace_scope = 1 in /etc/sysctl.conf
/etc/sysctl.conf:kernel.yama.ptrace_scope = 1
/etc/sysctl.d/99-sysctl.conf:# Per CCE-80953-3: Set kernel.yama.ptrace_scope = 1 in /etc/sysctl.conf
/etc/sysctl.d/99-sysctl.conf:kernel.yama.ptrace_scope = 1

Rationale:
RHEL 8 is not configured to restrict the usage of ptrace to descendant processes, or the kernel.yama.ptrace_scope parameter is not set to 1 in the configuration files, therefore this is a finding.

Mitigation: The finding is mitigated by the appliance operating behind the boundary F5 firewall which is equipped with tailored firewall rules, boundary access control policies, Geo-location IP blocking, FIPs compliant ciphers, and it is configured to authenticate only known Common Access Card (CAC) and One-time-pin (OTP) enabled accounts. Access to the VPN requires that the Common Access Card (CAC) and One-time-pin (OTP) accounts are configured in the Identity Management appliance with specific internal access controls in place as determined by the account holder's account registration and request form which has to be approved and authorized by PCTE prior to account creation. Inside the boundary, VMWare NSX Software Defined Networking (SDN) further restricts network traffic by separating different Virtual Machines (VM) and network sections from one another. The NSX Distributed firewall inspects and monitors cross-segment traffic, and is configured to enforce a distributed security policy that implements granular controls that permit only authorized traffic.

The boundary F5 firewall is configured to log all boundary VPN authentications and attempted logins. Inside the boundary, all RHEL VMs are configured according to STIG guidelines for local logging requirements. Elastic is configured as the central log server. It ingests, parses, and alerts the SoC on all auditable events. Audits are logged for VMs via Elastic Agents installed on all RHEL VMs to collect and transport logs to the SIEM cluster. Elastic ingests infrastructure logs via an integration with the VMWare vRealize Log Insight (vRLI) appliance to collect and forward infrastructure component logs to the SIEM cluster, therefore the vulnerability is mitigated through multiple layers of defense.

Milestone Plan:
The Infrastructure team will assess the feasibility of the proposed mitigation strategy. Based on their evaluation, they will either implement the mitigation or proceed with a formal Risk Acceptance request. This assessment is scheduled for completion by Q3 2025.
</ValidTrueComment>
      <ValidFalseStatus></ValidFalseStatus>
      <ValidFalseComment></ValidFalseComment>
    </AnswerKey>
  </Vuln>
  <Vuln ID="V-230551">
    <!--The RHEL 8 file integrity tool must be configured to verify extended attributes.-->
    <AnswerKey Name="DEFAULT">
      <ExpectedStatus>Not_Reviewed</ExpectedStatus>
      <ValidationCode></ValidationCode>
      <ValidTrueStatus>NotAFinding</ValidTrueStatus>
      <ValidTrueComment>Changed from NR to Not A Finding

Manual Check:

Finding: Check the 'aide.

Mitigation:
Per CM-3 (5) of PCTE SSP, PCTE implements a SOC team with pre-configured triggers on the Elastic SIEM toautomatically alert if baseline configurations are changed in an unauthorized manner.  It also stores the latest approved vendor application. PCTE also implements the Evaluate STIG tool, Tenable ACAS, and Red Hat ACS to ensure there has been no deviations of the security baseline.
</ValidTrueComment>
      <ValidFalseStatus></ValidFalseStatus>
      <ValidFalseComment></ValidFalseComment>
    </AnswerKey>
  </Vuln>
  <Vuln ID="V-230552">
    <!--The RHEL 8 file integrity tool must be configured to verify Access Control Lists (ACLs).-->
    <AnswerKey Name="DEFAULT">
      <ExpectedStatus>Not_Reviewed</ExpectedStatus>
      <ValidationCode></ValidationCode>
      <ValidTrueStatus>NotAFinding</ValidTrueStatus>
      <ValidTrueComment>Status: Not A Finding

Manual Check:

Since Per CM-3 (5) of PCTE SSP, PCTE implements a SOC team with pre-configured triggers on the Elastic SIEM toautomatically alert if baseline configurations are changed in an unauthorized manner.  It also stores the latest approved vendor application. PCTE also implements the Evaluate STIG tool, Tenable ACAS, and Red Hat ACS to ensure there has been no deviations of the security baseline,this is not a finding.
</ValidTrueComment>
      <ValidFalseStatus></ValidFalseStatus>
      <ValidFalseComment></ValidFalseComment>
    </AnswerKey>
  </Vuln>
  <Vuln ID="V-244521">
    <!--RHEL 8 operating systems booted with United Extensible Firmware Interface (UEFI) must require a unique superusers name upon booting into single-user mode and maintenance.-->
    <AnswerKey Name="DEFAULT">
      <ExpectedStatus>Not_Reviewed</ExpectedStatus>
      <ValidationCode></ValidationCode>
      <ValidTrueStatus>NotAFinding</ValidTrueStatus>
      <ValidTrueComment>Status: Manually Validated as not a finding

Manual Check: superuser accounts are listed as "PCTE". This is not a finding.
</ValidTrueComment>
      <ValidFalseStatus></ValidFalseStatus>
      <ValidFalseComment></ValidFalseComment>
    </AnswerKey>
  </Vuln>
  <Vuln ID="V-244528">
    <!--The RHEL 8 SSH daemon must not allow GSSAPI authentication, except to fulfill documented and validated mission requirements.-->
    <AnswerKey Name="DEFAULT">
      <ExpectedStatus>Open</ExpectedStatus>
      <ValidationCode></ValidationCode>
      <ValidTrueStatus>Open</ValidTrueStatus>
      <ValidTrueComment>Status: Open / Seek Risk Acceptance

Rationale: 
GSSAPIAuthentication is enabled.
Could allow unauthorized access by not having remote logins via SSH require a password.

Mitigation:
GSSAPI is used due to the use of kerberos as the authentication protocol. The system has an Intrusion Prevention System and a SOC to monitor and detect any malicious activity.  Only approved users can access the server and have to VPN into the F5 via CAC login and have to have the correct permissions to elevate to root into the server.

Milestone Plan:
The Infrastructure team will assess the feasibility of the proposed mitigation strategy. Based on their evaluation, they will either implement the mitigation or proceed with a formal Risk Acceptance request. This assessment is scheduled for completion by Q3 2025.
</ValidTrueComment>
      <ValidFalseStatus></ValidFalseStatus>
      <ValidFalseComment></ValidFalseComment>
    </AnswerKey>
  </Vuln>
  <Vuln ID="V-244531">
    <!--All RHEL 8 local interactive user home directory files must have mode 0750 or less permissive.-->
    <AnswerKey Name="DEFAULT">
      <ExpectedStatus>Open</ExpectedStatus>
      <ValidationCode></ValidationCode>
      <ValidTrueStatus>Open</ValidTrueStatus>
      <ValidTrueComment>Status: Open

Manual Check

Finding:
0777 /home/pcte_admin/mto_path

Rationale:
Since home/pcte_admin has permissions &gt;0750, this is a finding.

Mitigation:
While the permissions are greater thean 0750, this is only in one directory. All other directories and files throughout the system are configured to 0750 or less.

Milestone Plan:
The Infrastructure team will assess the feasibility of the proposed mitigation strategy. Based on their evaluation, they will either implement the mitigation or proceed with a formal Risk Acceptance request. This assessment is scheduled for completion by Q3 2025.

</ValidTrueComment>
      <ValidFalseStatus></ValidFalseStatus>
      <ValidFalseComment></ValidFalseComment>
    </AnswerKey>
  </Vuln>
  <Vuln ID="V-244532">
    <!--RHEL 8 must be configured so that all files and directories contained in local interactive user home directories are group-owned by a group of which the home directory owner is a member.-->
    <AnswerKey Name="DEFAULT">
      <ExpectedStatus>NotAFinding</ExpectedStatus>
      <ValidationCode></ValidationCode>
      <ValidTrueStatus>NotAFinding</ValidTrueStatus>
      <ValidTrueComment></ValidTrueComment>
      <ValidFalseStatus>Open</ValidFalseStatus>
      <ValidFalseComment>Status: Open

Manual Check

Finding
root     /home/pcte_admin/server.csr

Rationale:
Since All files and directories in a local interactive user home directory are not group-owned by a group the user is a member of, this is a finding.

Mitigation:
While there is a file not group owned, all other files in the system are group owned. 

Milestone Plan:
The Infrastructure team will assess the feasibility of the proposed mitigation strategy. Based on their evaluation, they will either implement the mitigation or proceed with a formal Risk Acceptance request. This assessment is scheduled for completion by Q3 2025.</ValidFalseComment>
    </AnswerKey>
  </Vuln>
  <Vuln ID="V-244533">
    <!--RHEL 8 must configure the use of the pam_faillock.so module in the /etc/pam.d/system-auth file.-->
    <AnswerKey Name="DEFAULT">
      <ExpectedStatus>Open</ExpectedStatus>
      <ValidationCode></ValidationCode>
      <ValidTrueStatus>Open</ValidTrueStatus>
      <ValidTrueComment>Status: Open

Manual Check

Finding:
The pam_faillock.so module with the 'preauth' line is not present in the '/etc/pam.d/system-auth' file.

Rationale:
The pam_faillock.so module is not configured in the /etc/pam.d/system-auth file, or the preauth line is not listed before pam_unix.so, failing to limit consecutive invalid login attempts, therefore this is a finding for all local accounts.

Mitigation: Per AC-7 of PCTE SSP, The PCTE Platform uses Red Hat IdM to control the account policies for each user. The IdM policy currently locks accounts that have improperly typed in their passwords three times within a 15-minute period. The account cannot be unlocked by the user. The user must contact the PCTE Ops Team to have their account unlocked or wait 15 minutes at which point the account will automatically unlock.

Milestone Plan:
The Infrastructure team will assess the feasibility of the proposed mitigation strategy. Based on their evaluation, they will either implement the mitigation or proceed with a formal Risk Acceptance request. This assessment is scheduled for completion by Q3 2025.
</ValidTrueComment>
      <ValidFalseStatus></ValidFalseStatus>
      <ValidFalseComment></ValidFalseComment>
    </AnswerKey>
  </Vuln>
  <Vuln ID="V-244534">
    <!--RHEL 8 must configure the use of the pam_faillock.so module in the /etc/pam.d/password-auth file.-->
    <AnswerKey Name="DEFAULT">
      <ExpectedStatus>Open</ExpectedStatus>
      <ValidationCode></ValidationCode>
      <ValidTrueStatus>Open</ValidTrueStatus>
      <ValidTrueComment>Status: Open

Manual Check

Finding:
The pam_faillock.so module with the 'preauth' line is not present in the '/etc/pam.d/system-auth' file.

Rationale:
The pam_faillock.so module is not configured in the /etc/pam.d/system-auth file, or the preauth line is not listed before pam_unix.so, failing to limit consecutive invalid login attempts, therefore this is a finding for all local accounts.

Mitigation: Per AC-7 of PCTE SSP, The PCTE Platform uses Red Hat IdM to control the account policies for each user. The IdM policy currently locks accounts that have improperly typed in their passwords three times within a 15-minute period. The account cannot be unlocked by the user. The user must contact the PCTE Ops Team to have their account unlocked or wait 15 minutes at which point the account will automatically unlock.

Milestone Plan:
The Infrastructure team will assess the feasibility of the proposed mitigation strategy. Based on their evaluation, they will either implement the mitigation or proceed with a formal Risk Acceptance request. This assessment is scheduled for completion by Q3 2025.
</ValidTrueComment>
      <ValidFalseStatus></ValidFalseStatus>
      <ValidFalseComment></ValidFalseComment>
    </AnswerKey>
  </Vuln>
  <Vuln ID="V-244541">
    <!--RHEL 8 must not allow blank or null passwords in the password-auth file.-->
    <AnswerKey Name="DEFAULT">
      <ExpectedStatus>Open</ExpectedStatus>
      <ValidationCode></ValidationCode>
      <ValidTrueStatus>Open</ValidTrueStatus>
      <ValidTrueComment>Status: Open

Manual Check

Finding:

# sudo grep -i nullok /etc/pam.d/password-auth
auth        sufficient                                   pam_unix.so nullok
password    sufficient                                   pam_unix.so sha512 shadow nullok use_authtok

Rationale:
Since Null passwords can be used for local accounts in the /etc/pam.d/password-auth, this is a finding.

Mitigation:
Only approved users can access the server and have to VPN into the F5 via CAC login and have to have the correct permissions to elevate to root into the server.

Milestone Plan:
The Infrastructure team will assess the feasibility of the proposed mitigation strategy. Based on their evaluation, they will either implement the mitigation or proceed with a formal Risk Acceptance request. This assessment is scheduled for completion by Q3 2025.
</ValidTrueComment>
      <ValidFalseStatus></ValidFalseStatus>
      <ValidFalseComment></ValidFalseComment>
    </AnswerKey>
  </Vuln>
  <Vuln ID="V-244545">
    <!--The RHEL 8 fapolicy module must be enabled.-->
    <AnswerKey Name="DEFAULT">
      <ExpectedStatus>Open</ExpectedStatus>
      <ValidationCode></ValidationCode>
      <ValidTrueStatus>Open</ValidTrueStatus>
      <ValidTrueComment>Status: Open

Rationale: The fapolicyd service is not enabled.
Since Fapolicyd is enabled and running,this is not a finding.

Mitigation:
systemctl enable fapolicyd --now

Milestone Plan:
The Infrastructure team will assess the feasibility of the proposed mitigation strategy. Based on their evaluation, they will either implement the mitigation or proceed with a formal Risk Acceptance request. This assessment is scheduled for completion by Q3 2025.
</ValidTrueComment>
      <ValidFalseStatus></ValidFalseStatus>
      <ValidFalseComment></ValidFalseComment>
    </AnswerKey>
  </Vuln>
  <Vuln ID="V-250315">
    <!--RHEL 8 systems, versions 8.2 and above, must configure SELinux context type to allow the use of a non-default faillock tally directory.-->
    <AnswerKey Name="DEFAULT">
      <ExpectedStatus>Open</ExpectedStatus>
      <ValidationCode></ValidationCode>
      <ValidTrueStatus>Open</ValidTrueStatus>
      <ValidTrueComment>Status: Open

Manual Check:

Finding:
The security context type of the non-default tally directory is not 'faillog_t' as /var/log/faillock does not exist.

Rationale:
Since the security context type of the non-default tally directory is not 'faillog_t' as /var/log/faillock does not exist this is a finding

Mitigation:
To compensate for dir = /var/log/faillock not being present, it is configured to forward all logs to the Elastic SIEM which is actively monitored by the PCTE SOC for anomalous activity. If this is not sufficient, a non standard tall directory will need to be configured

Milestone Plan:
The Infrastructure team will assess the feasibility of the proposed mitigation strategy. Based on their evaluation, they will either implement the mitigation or proceed with a formal Risk Acceptance request. This assessment is scheduled for completion by Q3 2025.
</ValidTrueComment>
      <ValidFalseStatus></ValidFalseStatus>
      <ValidFalseComment></ValidFalseComment>
    </AnswerKey>
  </Vuln>
  <Vuln ID="V-250317">
    <!--RHEL 8 must not enable IPv4 packet forwarding unless the system is a router.-->
    <AnswerKey Name="DEFAULT">
      <ExpectedStatus>Open</ExpectedStatus>
      <ValidationCode></ValidationCode>
      <ValidTrueStatus>Open</ValidTrueStatus>
      <ValidTrueComment>Status: Open

Manual Check:

Finding:
The system is performing IPv4 packet forwarding, unless the system is a router.
net.ipv4.conf.all.forwarding = 0

Rationale:
Since net.ipv4.conf.all.forwarding = 0 this is a finding.

Mitigation: 
The finding is mitigated by the appliance operating behind the boundary F5 firewall which is equipped with tailored firewall rules, boundary access control policies, Geo-location IP blocking, FIPs compliant ciphers, and it is configured to authenticate only known Common Access Card (CAC) and One-time-pin (OTP) enabled accounts. Access to the VPN requires that the Common Access Card (CAC) and One-time-pin (OTP) accounts are configured in the Identity Management appliance with specific internal access controls in place as determined by the account holder's account registration and request form which has to be approved and authorized by PCTE prior to account creation. Inside the boundary, VMWare NSX Software Defined Networking (SDN) further restricts network traffic by separating different Virtual Machines (VM) and network sections from one another. The NSX Distributed firewall inspects and monitors cross-segment traffic, and is configured to enforce a distributed security policy that implements granular controls that permit only authorized traffic.

The boundary F5 firewall is configured to log all boundary VPN authentications and attempted logins. Inside the boundary, all RHEL VMs are configured according to STIG guidelines for local logging requirements. Elastic is configured as the central log server. It ingests, parses, and alerts the SoC on all auditable events. Audits are logged for VMs via Elastic Agents installed on all RHEL VMs to collect and transport logs to the SIEM cluster. Elastic ingests infrastructure logs via an integration with the VMWare vRealize Log Insight (vRLI) appliance to collect and forward infrastructure component logs to the SIEM cluster, therefore the vulnerability is mitigated through multiple layers of defense.


Milestone Plan:
The Infrastructure team will assess the feasibility of the proposed mitigation strategy. Based on their evaluation, they will either implement the mitigation or proceed with a formal Risk Acceptance request. This assessment is scheduled for completion by Q3 2025.
</ValidTrueComment>
      <ValidFalseStatus></ValidFalseStatus>
      <ValidFalseComment></ValidFalseComment>
    </AnswerKey>
  </Vuln>
  <Vuln ID="V-251716">
    <!--RHEL 8 systems, version 8.4 and above, must ensure the password complexity module is configured for three retries or less.-->
    <AnswerKey Name="DEFAULT">
      <ExpectedStatus>Open</ExpectedStatus>
      <ValidationCode></ValidationCode>
      <ValidTrueStatus>Open</ValidTrueStatus>
      <ValidTrueComment>Status: Open

Manual Check

sudo grep -r retry /etc/security/pwquality.conf*
no output

Finding: 
One or more conf files show retry, but with a value less than 1 or greater than 3.

Rationale:
Since pwquality conf shows &amp;lt;1 but &amp;gt;3 this is a finding.

Mitigation:
Per IA-5(1) of PCTE SSP, The PCTE STIG configurations, as applied to the Identity Management server, enforce a DoD compliant minimum password complexity of 15 characters, while requiring one of each of the following: upper-case letters, lower-case letters, numbers, and special characters.The PCTE Identity Manager, based on STIG guidelines, enforces that when passwords are created or changed, at least 8 characters must be different from the previous password.The PCTE system stores (SHA512) and transmits (HTTPS or SSH) only cryptographically protected passwords.The PCTE Cyber team enforces a password minimum lifetime of 24 hours.
For local accounts, this will still need to be configured.

Milestone Plan:
The Infrastructure team will assess the feasibility of the proposed mitigation strategy. Based on their evaluation, they will either implement the mitigation or proceed with a formal Risk Acceptance request. This assessment is scheduled for completion by Q3 2025.

</ValidTrueComment>
      <ValidFalseStatus></ValidFalseStatus>
      <ValidFalseComment></ValidFalseComment>
    </AnswerKey>
  </Vuln>
  <Vuln ID="V-254520">
    <!--RHEL 8 must prevent nonprivileged users from executing privileged functions, including disabling, circumventing, or altering implemented security safeguards/countermeasures.-->
    <AnswerKey Name="DEFAULT">
      <ExpectedStatus>Not_Reviewed</ExpectedStatus>
      <ValidationCode></ValidationCode>
      <ValidTrueStatus>Open</ValidTrueStatus>
      <ValidTrueComment>Status: Open

Rationale: SELinux roles are not defined due to misconfiguration.

Mitigation: Nonprivileged users are prevented from executing privileged functions, including disabling, circumventing, or altering implemented security safeguards/countermeasures, by the sudo configuration. All administrative users have a unique login account, which requires explicitly defined sudo membership to escalate. All administrative users are valid users of the system and have been approved through the account management process.

Milestone Plan: This will be investigated in Q3 2025
</ValidTrueComment>
      <ValidFalseStatus></ValidFalseStatus>
      <ValidFalseComment></ValidFalseComment>
    </AnswerKey>
  </Vuln>
  <Vuln ID="V-257258">
    <!--RHEL 8.7 and higher must terminate idle user sessions.-->
    <AnswerKey Name="DEFAULT">
      <ExpectedStatus>Open</ExpectedStatus>
      <ValidationCode></ValidationCode>
      <ValidTrueStatus>Open</ValidTrueStatus>
      <ValidTrueComment>Status: Open

Manual Check

Finding:
StopIdleSessionSec=900

Rationale:
Since this is set to 15 minutes, this is a finding.

Mitigation:
While 10 min logout is not enforced, a 15 minute logout is enforced, mitigating some of the risk of no automatic logout.

Milestone Plan:
The Infrastructure team will assess the feasibility of the proposed mitigation strategy. Based on their evaluation, they will either implement the mitigation or proceed with a formal Risk Acceptance request. This assessment is scheduled for completion by Q3 2025.</ValidTrueComment>
      <ValidFalseStatus></ValidFalseStatus>
      <ValidFalseComment></ValidFalseComment>
    </AnswerKey>
  </Vuln>
  <Vuln ID="V-268322">
    <!--RHEL 8 must not allow blank or null passwords in the system-auth file.-->
    <AnswerKey Name="DEFAULT">
      <ExpectedStatus>Open</ExpectedStatus>
      <ValidationCode></ValidationCode>
      <ValidTrueStatus>Open</ValidTrueStatus>
      <ValidTrueComment>Status: Open 

Manual Check

Finding:
The nullok option is present in the /etc/pam.d/system-auth file, allowing the use of blank or null passwords, which could permit unauthorized access.

Rationale:
Since nullock is present in authselect profile this is a finding.

Mitigation: The finding is mitigated by the appliance operating behind the boundary F5 firewall which is equipped with tailored firewall rules, boundary access control policies, Geo-location IP blocking, FIPs compliant ciphers, and it is configured to authenticate only known Common Access Card (CAC) and One-time-pin (OTP) enabled accounts. Access to the VPN requires that the Common Access Card (CAC) and One-time-pin (OTP) accounts are configured in the Identity Management appliance with specific internal access controls in place as determined by the account holder's account registration and request form which has to be approved and authorized by PCTE prior to account creation. Inside the boundary, VMWare NSX Software Defined Networking (SDN) further restricts network traffic by separating different Virtual Machines (VM) and network sections from one another. The NSX Distributed firewall inspects and monitors cross-segment traffic, and is configured to enforce a distributed security policy that implements granular controls that permit only authorized traffic.

The boundary F5 firewall is configured to log all boundary VPN authentications and attempted logins. Inside the boundary, all RHEL VMs are configured according to STIG guidelines for local logging requirements. Elastic is configured as the central log server. It ingests, parses, and alerts the SoC on all auditable events. Audits are logged for VMs via Elastic Agents installed on all RHEL VMs to collect and transport logs to the SIEM cluster. Elastic ingests infrastructure logs via an integration with the VMWare vRealize Log Insight (vRLI) appliance to collect and forward infrastructure component logs to the SIEM cluster, therefore the vulnerability is mitigated through multiple layers of defense.

Milestone Plan:
The Infrastructure team will assess the feasibility of the proposed mitigation strategy. Based on their evaluation, they will either implement the mitigation or proceed with a formal Risk Acceptance request. This assessment is scheduled for completion by Q3 2025.
</ValidTrueComment>
      <ValidFalseStatus></ValidFalseStatus>
      <ValidFalseComment></ValidFalseComment>
    </AnswerKey>
  </Vuln>
  <Vuln ID="V-272482">
    <!--RHEL 8 SSH client must be configured to use only Message Authentication Codes (MACs) employing FIPS 140-3 validated cryptographic hash algorithms.-->
    <AnswerKey Name="DEFAULT">
      <ExpectedStatus>Open</ExpectedStatus>
      <ValidationCode></ValidationCode>
      <ValidTrueStatus>Open</ValidTrueStatus>
      <ValidTrueComment>Status: Open

Manual Check:

Finding:
The MACs in opensshserver.config are not FIPS 140-2-approved algorithms.

Rationale:
Since MACs are not FIPS approved, this is a finding.

Mitigation:
Per AC17(2) of PCTE SSP, The F5 can secure the session using TLS encryption. To do this the F5 maintains an active SSL server certificate which is issued by a trusted commercial Certificate Authorities and supported by common web browsers. The public SSL configuration is evaluated by Qualys SSL Labs to ensure the proper configuration is performed. The Kasm portal secures sessions via TLS encryption using a certificate issued by the PCTE internal authoritative CA (IdM). PCTE employs Data-at-rest encryption for all data on the platform, to include PII.

Milestone Plan:
The Infrastructure team will assess the feasibility of the proposed mitigation strategy. Based on their evaluation, they will either implement the mitigation or proceed with a formal Risk Acceptance request. This assessment is scheduled for completion by Q3 2025.
</ValidTrueComment>
      <ValidFalseStatus></ValidFalseStatus>
      <ValidFalseComment></ValidFalseComment>
    </AnswerKey>
  </Vuln>
  <Vuln ID="V-272483">
    <!--RHEL 8 SSH client must be configured to use only ciphers employing FIPS 140-3 validated cryptographic hash algorithms.-->
    <AnswerKey Name="DEFAULT">
      <ExpectedStatus>Open</ExpectedStatus>
      <ValidationCode></ValidationCode>
      <ValidTrueStatus>Open</ValidTrueStatus>
      <ValidTrueComment>Status: Open

Ratioanle:
The CIPHERS in opensshserver.config are not FIPS 140-2-approved algorithms.

Mitigation Statement:
Since CIPHERSs are not FIPS approved, this is a finding.

Mitigation:
Add the following MACs to opensshserver.config:
     -oCiphers=aes256-ctr,aes192-ctr,aes128-ctr,aes256-gcm@openssh.com,aes128-gcm@openssh.com

Milestone Plan:
The Infrastructure team will assess the feasibility of the proposed mitigation strategy. Based on their evaluation, they will either implement the mitigation or proceed with a formal Risk Acceptance request. This assessment is scheduled for completion by Q3 2025.
</ValidTrueComment>
      <ValidFalseStatus></ValidFalseStatus>
      <ValidFalseComment></ValidFalseComment>
    </AnswerKey>
  </Vuln>
  <Vuln ID="V-272484">
    <!--RHEL 8 must elevate the SELinux context when an administrator calls the sudo command.-->
    <AnswerKey Name="DEFAULT">
      <ExpectedStatus>Open</ExpectedStatus>
      <ValidationCode></ValidationCode>
      <ValidTrueStatus>Open</ValidTrueStatus>
      <ValidTrueComment>Status: Open

Rationale: The operating system does not require users to supply a password for privilege escalation. Since The operating system does not require users to supply a password for privilege escalation,this is a finding.

Mitigation:
Remove NOPASSWD from /etc/sudoers file

Milestone Plan:
The Infrastructure team will assess the feasibility of the proposed mitigation strategy. Based on their evaluation, they will either implement the mitigation or proceed with a formal Risk Acceptance request. This assessment is scheduled for completion by Q3 2025.
</ValidTrueComment>
      <ValidFalseStatus></ValidFalseStatus>
      <ValidFalseComment></ValidFalseComment>
    </AnswerKey>
  </Vuln>
</STIGComments>
