<!-- Evaluate-STIG Preferences -->
<Preferences>
  <EvaluateSTIG>
    <!--*************************************************************************************
    The following Evaluate-STIG parameters may be configured to customize your scan.
    Any parameter called out on the command line will override the same parameter configured
    here.

      ScanType                "Unclassified" or "Classified". [default: "Unclassified"]
      Marking                 Text to add to Marking field in STIG Viewer. [default: blank]
      VulnTimeout             Maximum time in minutes to allow a single check to run. [default: "15"]
      AnswerKey               Answer Key to use from answer files [default: "DEFAULT"]
      AFPath                  Alternate path to search for answer files. [default: blank]
      Output                  "Console"|"CKL"|"CKLB"|"CSV"|"XCCDF"|"CombinedCKL"|"CombinedCKLB"|"CombinedCSV"|"OQE"|"Summary"|"STIGManager"|"Splunk". Use comma separation for multiple. If none, output to console. [default: "Console"]
      JSON                    "true" or "false". [default: "false"] Output Console Object in JSON Format using OutputPayload Options
      OutputPath              Alternate path to save results. [default: blank]
      PreviousToKeep          If -Output is outputting files, maximum number of previous scan results to retain. [default: "1"]
      AllowDeprecated         "true" or "false". [default: "false"]
      AllowSeverityOverride   "true" or "false". [default: "false"]
      ExcludeSTIG             Shortname(s) of STIGs to exclude from scan. Use comma separation to specify multple. [default: blank]
      ExcludeVuln             Vuln IDs (V-1234 format) to exclude from scan. Use comma separation to specify multple. [default: blank]
      ApplyTattoo             "true" or "false". [default: "false"]
      SMCollection            STIG Manager Collection name to use from STIGManager section in this file. [default: blank]
      SplunkHECName           Name for the HTTP Event Collector token to use from Splunk section in this file. [default: blank]
    **************************************************************************************-->
    <ScanType>Unclassified</ScanType>
    <Marking></Marking>
    <VulnTimeout>15</VulnTimeout>
    <AnswerKey>DEFAULT</AnswerKey>
    <AFPath></AFPath>
    <Output>Console</Output>
    <JSON>false</JSON>
    <OutputPath></OutputPath>
    <PreviousToKeep>1</PreviousToKeep>
    <AllowDeprecated>false</AllowDeprecated>
    <AllowSeverityOverride>false</AllowSeverityOverride>
    <ExcludeSTIG></ExcludeSTIG>
    <ExcludeVuln></ExcludeVuln>
    <ApplyTattoo>false</ApplyTattoo>
    <SMCollection></SMCollection>
    <SplunkHECName></SplunkHECName>
  </EvaluateSTIG>
  <OutputPayload>
    <!--*************************************************************************************
    Enable/disable fields to be output when using -Output CSV|CombinedCSV|Splunk or -JSON.
    All are boolean and must be lowercase "true" or "false".
    If -OutputPayload is called on the command line, these values are ignored.
    **************************************************************************************-->
    <Title>true</Title>
    <Version>true</Version>
    <ReleaseDate>true</ReleaseDate>
    <Classification>true</Classification>
    <HostName>true</HostName>
    <Site>true</Site>
    <Instance>true</Instance>
    <IP>true</IP>
    <MAC>true</MAC>
    <FQDN>true</FQDN>
    <Role>true</Role>
    <GroupID>true</GroupID>
    <GroupTitle>true</GroupTitle>
    <RuleID>true</RuleID>
    <STIGID>true</STIGID>
    <Severity>true</Severity>
    <SeverityOverride>true</SeverityOverride>
    <Justification>true</Justification>
    <LegacyIDs>true</LegacyIDs>
    <RuleTitle>true</RuleTitle>
    <Discussion>true</Discussion>
    <CheckText>true</CheckText>
    <FixText>true</FixText>
    <CCI>true</CCI>
    <Status>true</Status>
    <FindingDetails>true</FindingDetails>
    <Comments>true</Comments>
    <ESVersion>true</ESVersion>
    <StartTime>true</StartTime>
  </OutputPayload>
  <STIGManager>
    <!--*************************************************************************************
    STIG Manager

    https://stig-manager.readthedocs.io/en/latest/index.html
    https://github.com/NUWCDIVNPT/stigman-watcher

    "SMImport" emulates STIGMAN Watcher one-shot functionality

    SMImport_API_BASE=             Required. Base URL of the STIG Manager API service. The default value is your STIGManager instances' FQDN with "/api" appended. This is defined within your STIG Manager's settings via "STIGMAN_CLIENT_API_BASE".
    SMImport_AUTHORITY=            Required. Base URL of the OIDC authentication service that issues OAuth2 tokens for the API. This should match the value set for "STIGMAN_CLIENT_OIDC_PROVIDER" within STIG Manager's configuration.
    SMImport_COLLECTION Name=      Required. Name for the SMImport collection settings section that is called from "-SMCollection". Recommend this match your collection name within STIG Manager. Multiple SMImport_COLLECTION sections may be configured.
      SMImport_CLIENT_ID=          Required. OIDC clientId to authenticate. This should be created within your STIG Manager's backend OIDC Provider. The default provider used by STIG Manager is KeyCloak, though your configuration may vary.
      SMImport_CLIENT_CERT=        Required. Filename of PEM encoded client certificate. An unencrypted private key may be included within this file so that you do not have to pass "-SMPassphrase", though this configuration is not recommended. File must exist in Certificates directory.
      SMImport_CLIENT_CERT_KEY=    * Filename of PEM encoded encrypted private key. Required if SM_Import_CLIENT_CERT does not contain a plaintext private key. File must exist in Certificates directory.
      SMImport_COLLECTION_ID=      Required. The collectionID of your desired collection. This can be found by a user with Manage permissions on the collection. After selecting to manage the collection, reference the "ID" value in the Collection Properties window.

    * Note: Defining SMImport_CLIENT_CERT_KEY will require the use of the "-SMPassphrase" parameter to decrypt the private key.

    EXAMPLE CONFIGURATION BELOW:

    <SMImport_API_BASE>https://my.stig.manager.mil/api</SMImport_API_BASE>
    <SMImport_AUTHORITY>https://my.stig.manager.mil/kc/realms/stigman</SMImport_AUTHORITY>
    <SMImport_COLLECTION Name="MyCollection">
      <SMImport_CLIENT_ID>evaluate-stig</SMImport_CLIENT_ID>
      <SMImport_CLIENT_CERT>evaluate-stig-crt.pem</SMImport_CLIENT_CERT>
      <SMImport_CLIENT_CERT_KEY>evaluate-stig-key.pem</SMImport_CLIENT_CERT_KEY>
      <SMImport_COLLECTION_ID>1</SMImport_COLLECTION>
    </SMImport_COLLECTION>

    This collection would be used when running:
    Evaluate-STIG.ps1 -Output STIGManager -SMCollection MyCollection -SMPassphrase <myDecryptionPasswordHere>

    **************************************************************************************-->
    <SMImport_API_BASE></SMImport_API_BASE>
    <SMImport_AUTHORITY></SMImport_AUTHORITY>
    <SMImport_COLLECTION Name="">
      <SMImport_CLIENT_ID></SMImport_CLIENT_ID>
      <SMImport_CLIENT_CERT></SMImport_CLIENT_CERT>
      <SMImport_CLIENT_CERT_KEY></SMImport_CLIENT_CERT_KEY>
      <SMImport_COLLECTION_ID></SMImport_COLLECTION_ID>
    </SMImport_COLLECTION>
  </STIGManager>
  <Splunk>
  <!--*************************************************************************************
    Splunk

    Splunk_URI=               Required. Base URL of the Splunk instance. The default value is your Splunk instances' FQDN, port 8088, with "/services/collector/event" appended.
    Splunk_HECName Name=      Required. Name for the HTTP Event Collector token. Multiple Splunk_HECName sections may be configured.
      Splunk_token=           Required. HEC Token value. This should be created within your Splunk instance.
      Splunk_index=           Optional. The name of the index by which the event data is to be indexed. The index you specify here must be within the list of allowed indexes if the token has the indexes parameter set.
      Splunk_source=          Optional. The source value to assign to the event data.
      Splunk_sourcetype=      Optional. The sourcetype value to assign to the event data.

    EXAMPLE CONFIGURATION BELOW:

    <Splunk_URI>https://my.splunk.mil:8088/services/collector/event</Splunk_URI>
    <Splunk_HECName Name="MyHECName">
      <Splunk_token>1cea9f66-a7c9-4fcd-a20f-0b2c17d5d426</Splunk_token>
      <Splunk_index>es_events</Splunk_index>
      <Splunk_source>evaluate-stig</Splunk_source>
      <Splunk_sourcetype>weekly_scan</Splunk_sourcetype>
    </Splunk_HECName>

    This HECName would be used when running:
    Evaluate-STIG.ps1 -Output Splunk -SplunkHECName MyHECName

    **************************************************************************************-->
    <Splunk_URI></Splunk_URI>
    <Splunk_HECName Name="">
      <Splunk_token></Splunk_token>
      <Splunk_index></Splunk_index>
      <Splunk_source></Splunk_source>
      <Splunk_sourcetype></Splunk_sourcetype>
    </Splunk_HECName>
  </Splunk>
  <ManageAnswerFiles>
    <EvaluateSTIG_Results></EvaluateSTIG_Results>
    <AnswerFileDirectory></AnswerFileDirectory>
    <DefaultAFKey>DEFAULT</DefaultAFKey>
    <PowerShell_IDE>C:\Windows\system32\WindowsPowerShell\v1.0\PowerShell_ISE.exe</PowerShell_IDE>
  </ManageAnswerFiles>
</Preferences>