<?xml version="1.0" encoding="utf-8"?><?xml-stylesheet type='text/xsl' href='STIG_unclass.xsl'?><Benchmark xmlns:dc="http://purl.org/dc/elements/1.1/" xmlns:xsi="http://www.w3.org/2001/XMLSchema-instance" xmlns:cpe="http://cpe.mitre.org/language/2.0" xmlns:xhtml="http://www.w3.org/1999/xhtml" xmlns:dsig="http://www.w3.org/2000/09/xmldsig#" xsi:schemaLocation="http://checklists.nist.gov/xccdf/1.1 http://nvd.nist.gov/schema/xccdf-1.1.4.xsd http://cpe.mitre.org/dictionary/2.0 http://cpe.mitre.org/files/cpe-dictionary_2.1.xsd" id="Microsoft_OneNote_2013" xml:lang="en" xmlns="http://checklists.nist.gov/xccdf/1.1"><status date="2024-12-14">accepted</status><title>Microsoft OneNote 2013 Security Technical Implementation Guide</title><description>This Security Technical Implementation Guide is published as a tool to improve the security of Department of Defense (DOD) information systems. The requirements are derived from the National Institute of Standards and Technology (NIST) 800-53 and related documents. Comments or proposed revisions to this document should be sent via e-mail to the following address: disa.stig_spt@mail.mil.</description><notice id="terms-of-use" xml:lang="en"></notice><front-matter xml:lang="en"></front-matter><rear-matter xml:lang="en"></rear-matter><reference href="https://cyber.mil"><dc:publisher>DISA</dc:publisher><dc:source>STIG.DOD.MIL</dc:source></reference><plain-text id="release-info">Release: 4 Benchmark Date: 30 Jan 2025</plain-text><plain-text id="generator">3.5</plain-text><plain-text id="conventionsVersion">1.10.0</plain-text><version>1</version><Profile id="MAC-1_Classified"><title>I - Mission Critical Classified</title><description>&lt;ProfileDescription&gt;&lt;/ProfileDescription&gt;</description><select idref="V-242565" selected="true" /><select idref="V-242566" selected="true" /><select idref="V-242567" selected="true" /><select idref="V-242568" selected="true" /><select idref="V-242569" selected="true" /><select idref="V-242570" selected="true" /><select idref="V-242571" selected="true" /><select idref="V-242572" selected="true" /><select idref="V-242573" selected="true" /><select idref="V-242574" selected="true" /><select idref="V-270895" selected="true" /></Profile><Profile id="MAC-1_Public"><title>I - Mission Critical Public</title><description>&lt;ProfileDescription&gt;&lt;/ProfileDescription&gt;</description><select idref="V-242565" selected="true" /><select idref="V-242566" selected="true" /><select idref="V-242567" selected="true" /><select idref="V-242568" selected="true" /><select idref="V-242569" selected="true" /><select idref="V-242570" selected="true" /><select idref="V-242571" selected="true" /><select idref="V-242572" selected="true" /><select idref="V-242573" selected="true" /><select idref="V-242574" selected="true" /><select idref="V-270895" selected="true" /></Profile><Profile id="MAC-1_Sensitive"><title>I - Mission Critical Sensitive</title><description>&lt;ProfileDescription&gt;&lt;/ProfileDescription&gt;</description><select idref="V-242565" selected="true" /><select idref="V-242566" selected="true" /><select idref="V-242567" selected="true" /><select idref="V-242568" selected="true" /><select idref="V-242569" selected="true" /><select idref="V-242570" selected="true" /><select idref="V-242571" selected="true" /><select idref="V-242572" selected="true" /><select idref="V-242573" selected="true" /><select idref="V-242574" selected="true" /><select idref="V-270895" selected="true" /></Profile><Profile id="MAC-2_Classified"><title>II - Mission Support Classified</title><description>&lt;ProfileDescription&gt;&lt;/ProfileDescription&gt;</description><select idref="V-242565" selected="true" /><select idref="V-242566" selected="true" /><select idref="V-242567" selected="true" /><select idref="V-242568" selected="true" /><select idref="V-242569" selected="true" /><select idref="V-242570" selected="true" /><select idref="V-242571" selected="true" /><select idref="V-242572" selected="true" /><select idref="V-242573" selected="true" /><select idref="V-242574" selected="true" /><select idref="V-270895" selected="true" /></Profile><Profile id="MAC-2_Public"><title>II - Mission Support Public</title><description>&lt;ProfileDescription&gt;&lt;/ProfileDescription&gt;</description><select idref="V-242565" selected="true" /><select idref="V-242566" selected="true" /><select idref="V-242567" selected="true" /><select idref="V-242568" selected="true" /><select idref="V-242569" selected="true" /><select idref="V-242570" selected="true" /><select idref="V-242571" selected="true" /><select idref="V-242572" selected="true" /><select idref="V-242573" selected="true" /><select idref="V-242574" selected="true" /><select idref="V-270895" selected="true" /></Profile><Profile id="MAC-2_Sensitive"><title>II - Mission Support Sensitive</title><description>&lt;ProfileDescription&gt;&lt;/ProfileDescription&gt;</description><select idref="V-242565" selected="true" /><select idref="V-242566" selected="true" /><select idref="V-242567" selected="true" /><select idref="V-242568" selected="true" /><select idref="V-242569" selected="true" /><select idref="V-242570" selected="true" /><select idref="V-242571" selected="true" /><select idref="V-242572" selected="true" /><select idref="V-242573" selected="true" /><select idref="V-242574" selected="true" /><select idref="V-270895" selected="true" /></Profile><Profile id="MAC-3_Classified"><title>III - Administrative Classified</title><description>&lt;ProfileDescription&gt;&lt;/ProfileDescription&gt;</description><select idref="V-242565" selected="true" /><select idref="V-242566" selected="true" /><select idref="V-242567" selected="true" /><select idref="V-242568" selected="true" /><select idref="V-242569" selected="true" /><select idref="V-242570" selected="true" /><select idref="V-242571" selected="true" /><select idref="V-242572" selected="true" /><select idref="V-242573" selected="true" /><select idref="V-242574" selected="true" /><select idref="V-270895" selected="true" /></Profile><Profile id="MAC-3_Public"><title>III - Administrative Public</title><description>&lt;ProfileDescription&gt;&lt;/ProfileDescription&gt;</description><select idref="V-242565" selected="true" /><select idref="V-242566" selected="true" /><select idref="V-242567" selected="true" /><select idref="V-242568" selected="true" /><select idref="V-242569" selected="true" /><select idref="V-242570" selected="true" /><select idref="V-242571" selected="true" /><select idref="V-242572" selected="true" /><select idref="V-242573" selected="true" /><select idref="V-242574" selected="true" /><select idref="V-270895" selected="true" /></Profile><Profile id="MAC-3_Sensitive"><title>III - Administrative Sensitive</title><description>&lt;ProfileDescription&gt;&lt;/ProfileDescription&gt;</description><select idref="V-242565" selected="true" /><select idref="V-242566" selected="true" /><select idref="V-242567" selected="true" /><select idref="V-242568" selected="true" /><select idref="V-242569" selected="true" /><select idref="V-242570" selected="true" /><select idref="V-242571" selected="true" /><select idref="V-242572" selected="true" /><select idref="V-242573" selected="true" /><select idref="V-242574" selected="true" /><select idref="V-270895" selected="true" /></Profile><Group id="V-242565"><title>SRG-APP-000210</title><description>&lt;GroupDescription&gt;&lt;/GroupDescription&gt;</description><Rule id="SV-242565r961092_rule" weight="10.0" severity="medium"><version>DTOO104</version><title>Disabling of user name and password syntax from being used in URLs must be enforced.</title><description>&lt;VulnDiscussion&gt;The Uniform Resource Locator (URL) standard allows user authentication to be included in URL strings in the form http://username:password@example.com. A malicious user might use this URL syntax to create a hyperlink that appears to open a legitimate website but actually opens a deceptive (spoofed) Web site. For example, the URL http://www.wingtiptoys.com@example.com appears to open http://www.wingtiptoys.com but actually opens http://example.com. To protect users from such attacks, Internet Explorer usually blocks any URLs using this syntax.

This functionality can be controlled separately for instances of Internet Explorer spawned by Office applications (for example, if a user clicks a link in an Office document or selects a menu option that loads a web page). If user names and passwords in URLs are allowed, users could be diverted to dangerous web pages, which could pose a security risk.&lt;/VulnDiscussion&gt;&lt;FalsePositives&gt;&lt;/FalsePositives&gt;&lt;FalseNegatives&gt;&lt;/FalseNegatives&gt;&lt;Documentable&gt;false&lt;/Documentable&gt;&lt;Mitigations&gt;&lt;/Mitigations&gt;&lt;SeverityOverrideGuidance&gt;&lt;/SeverityOverrideGuidance&gt;&lt;PotentialImpacts&gt;&lt;/PotentialImpacts&gt;&lt;ThirdPartyTools&gt;&lt;/ThirdPartyTools&gt;&lt;MitigationControl&gt;&lt;/MitigationControl&gt;&lt;Responsibility&gt;&lt;/Responsibility&gt;&lt;IAControls&gt;&lt;/IAControls&gt;</description><reference><dc:title>DPMS Target Microsoft OneNote 2013</dc:title><dc:publisher>DISA</dc:publisher><dc:type>DPMS Target</dc:type><dc:subject>Microsoft OneNote 2013</dc:subject><dc:identifier>5380</dc:identifier></reference><ident system="http://cyber.mil/legacy">V-26587</ident><ident system="http://cyber.mil/legacy">SV-52785</ident><ident system="http://cyber.mil/cci">CCI-001170</ident><fixtext fixref="F-45797r713554_fix">Set the policy value for Computer Configuration -&gt; Administrative Templates -&gt; Microsoft Office 2013 (Machine) -&gt; Security Settings -&gt; IE Security "Disable user name and password" to "Enabled" and place a check in the 'onent.exe' check box.</fixtext><fix id="F-45797r713554_fix" /><check system="C-45840r713553_chk"><check-content-ref href="Microsoft_OneNote_2013_STIG.xml" name="M" /><check-content>Verify the policy value for Computer Configuration -&gt; Administrative Templates -&gt; Microsoft Office 2013 (Machine) -&gt; Security Settings -&gt; IE Security "Disable user name and password" is set to "Enabled" and a check in the 'onent.exe' check box is selected.

Procedure: Use the Windows Registry Editor to navigate to the following key: 

HKLM\Software\Microsoft\Internet Explorer\Main\FeatureControl\FEATURE_HTTP_USERNAME_PASSWORD_DISABLE

Criteria: If the value onenote.exe is REG_DWORD = 1, this is not a finding.</check-content></check></Rule></Group><Group id="V-242566"><title>SRG-APP-000112</title><description>&lt;GroupDescription&gt;&lt;/GroupDescription&gt;</description><Rule id="SV-242566r960921_rule" weight="10.0" severity="medium"><version>DTOO111</version><title>The Internet Explorer Bind to Object functionality must be enabled.</title><description>&lt;VulnDiscussion&gt;Internet Explorer performs a number of safety checks before initializing an ActiveX control. It will not initialize a control if the kill bit for the control is set in the registry, or if the security settings for the zone in which the control is located do not allow it to be initialized.
This functionality can be controlled separately for instances of Internet Explorer spawned by Office applications (for example, if a user clicks a link in an Office document or selects a menu option that loads a web page). A security risk could occur if potentially dangerous controls are allowed to load.&lt;/VulnDiscussion&gt;&lt;FalsePositives&gt;&lt;/FalsePositives&gt;&lt;FalseNegatives&gt;&lt;/FalseNegatives&gt;&lt;Documentable&gt;false&lt;/Documentable&gt;&lt;Mitigations&gt;&lt;/Mitigations&gt;&lt;SeverityOverrideGuidance&gt;&lt;/SeverityOverrideGuidance&gt;&lt;PotentialImpacts&gt;&lt;/PotentialImpacts&gt;&lt;ThirdPartyTools&gt;&lt;/ThirdPartyTools&gt;&lt;MitigationControl&gt;&lt;/MitigationControl&gt;&lt;Responsibility&gt;&lt;/Responsibility&gt;&lt;IAControls&gt;&lt;/IAControls&gt;</description><reference><dc:title>DPMS Target Microsoft OneNote 2013</dc:title><dc:publisher>DISA</dc:publisher><dc:type>DPMS Target</dc:type><dc:subject>Microsoft OneNote 2013</dc:subject><dc:identifier>5380</dc:identifier></reference><ident system="http://cyber.mil/legacy">V-17173</ident><ident system="http://cyber.mil/legacy">SV-52778</ident><ident system="http://cyber.mil/cci">CCI-001695</ident><fixtext fixref="F-45798r713557_fix">Set the policy value for Computer Configuration -&gt; Administrative Templates -&gt; Microsoft Office 2013 (Machine) -&gt; Security Settings -&gt; IE Security "Bind to Object" to "Enabled" and place a check in the 'onent.exe' check box.</fixtext><fix id="F-45798r713557_fix" /><check system="C-45841r713556_chk"><check-content-ref href="Microsoft_OneNote_2013_STIG.xml" name="M" /><check-content>Verify the policy value for Computer Configuration -&gt; Administrative Templates -&gt; Microsoft Office 2013 (Machine) -&gt; Security Settings -&gt; IE Security "Bind to Object" is set to "Enabled" and a check in the 'onent.exe' check box is selected.

Procedure: Use the Windows Registry Editor to navigate to the following key: 

HKLM\Software\Microsoft\Internet Explorer\Main\FeatureControl\FEATURE_SAFE_BINDTOOBJECT
 
Criteria: If the value onenote.exe is REG_DWORD = 1, this is not a finding.</check-content></check></Rule></Group><Group id="V-242567"><title>SRG-APP-000210</title><description>&lt;GroupDescription&gt;&lt;/GroupDescription&gt;</description><Rule id="SV-242567r961092_rule" weight="10.0" severity="medium"><version>DTOO117</version><title>The Saved from URL mark must be selected to enforce Internet zone processing.</title><description>&lt;VulnDiscussion&gt;Typically, when Internet Explorer loads a web page from a Universal Naming Convention (UNC) share that contains a Mark of the Web (MOTW) comment, indicating the page was saved from a site on the Internet, Internet Explorer runs the page in the Internet security zone instead of the less restrictive Local Intranet security zone. This functionality can be controlled separately for instances of Internet Explorer spawned by Office applications (for example, if a user clicks a link in an Office document or selects a menu option that loads a web page). If Internet Explorer does not evaluate the page for a MOTW, potentially dangerous code could be allowed to run.&lt;/VulnDiscussion&gt;&lt;FalsePositives&gt;&lt;/FalsePositives&gt;&lt;FalseNegatives&gt;&lt;/FalseNegatives&gt;&lt;Documentable&gt;false&lt;/Documentable&gt;&lt;Mitigations&gt;&lt;/Mitigations&gt;&lt;SeverityOverrideGuidance&gt;&lt;/SeverityOverrideGuidance&gt;&lt;PotentialImpacts&gt;&lt;/PotentialImpacts&gt;&lt;ThirdPartyTools&gt;&lt;/ThirdPartyTools&gt;&lt;MitigationControl&gt;&lt;/MitigationControl&gt;&lt;Responsibility&gt;&lt;/Responsibility&gt;&lt;IAControls&gt;&lt;/IAControls&gt;</description><reference><dc:title>DPMS Target Microsoft OneNote 2013</dc:title><dc:publisher>DISA</dc:publisher><dc:type>DPMS Target</dc:type><dc:subject>Microsoft OneNote 2013</dc:subject><dc:identifier>5380</dc:identifier></reference><ident system="http://cyber.mil/legacy">V-17175</ident><ident system="http://cyber.mil/legacy">SV-52780</ident><ident system="http://cyber.mil/cci">CCI-001170</ident><fixtext fixref="F-45799r713560_fix">Set the policy value for Computer Configuration -&gt; Administrative Templates -&gt; Microsoft Office 2013 (Machine) -&gt; Security Settings -&gt; IE Security "Saved from URL" to "Enabled" and place a check in the 'onent.exe' check box.</fixtext><fix id="F-45799r713560_fix" /><check system="C-45842r713559_chk"><check-content-ref href="Microsoft_OneNote_2013_STIG.xml" name="M" /><check-content>Verify the policy value for Computer Configuration -&gt; Administrative Templates -&gt; Microsoft Office 2013 (Machine) -&gt; Security Settings -&gt; IE Security "Saved from URL" is set to "Enabled" and a check in the 'onent.exe' check box is selected.

Procedure: Use the Windows Registry Editor to navigate to the following key: 

HKLM\Software\Microsoft\Internet Explorer\Main\FeatureControl\FEATURE_UNC_SAVEDFILECHECK

Criteria: If the value onenote.exe is REG_DWORD = 1, this is not a finding.</check-content></check></Rule></Group><Group id="V-242568"><title>SRG-APP-000210</title><description>&lt;GroupDescription&gt;&lt;/GroupDescription&gt;</description><Rule id="SV-242568r961092_rule" weight="10.0" severity="medium"><version>DTOO123</version><title>Navigation to URLs embedded in Office products must be blocked.</title><description>&lt;VulnDiscussion&gt;To protect users from attacks, Internet Explorer usually does not attempt to load malformed URLs. This functionality can be controlled separately for instances of Internet Explorer spawned by Office applications (for example, if a user clicks a link in an Office document or selects a menu option that loads a web page). If Internet Explorer attempts to load a malformed URL, a security risk could occur.&lt;/VulnDiscussion&gt;&lt;FalsePositives&gt;&lt;/FalsePositives&gt;&lt;FalseNegatives&gt;&lt;/FalseNegatives&gt;&lt;Documentable&gt;false&lt;/Documentable&gt;&lt;Mitigations&gt;&lt;/Mitigations&gt;&lt;SeverityOverrideGuidance&gt;&lt;/SeverityOverrideGuidance&gt;&lt;PotentialImpacts&gt;&lt;/PotentialImpacts&gt;&lt;ThirdPartyTools&gt;&lt;/ThirdPartyTools&gt;&lt;MitigationControl&gt;&lt;/MitigationControl&gt;&lt;Responsibility&gt;&lt;/Responsibility&gt;&lt;IAControls&gt;&lt;/IAControls&gt;</description><reference><dc:title>DPMS Target Microsoft OneNote 2013</dc:title><dc:publisher>DISA</dc:publisher><dc:type>DPMS Target</dc:type><dc:subject>Microsoft OneNote 2013</dc:subject><dc:identifier>5380</dc:identifier></reference><ident system="http://cyber.mil/legacy">V-17183</ident><ident system="http://cyber.mil/legacy">SV-52781</ident><ident system="http://cyber.mil/cci">CCI-001170</ident><fixtext fixref="F-45800r713563_fix">Set the policy value for Computer Configuration -&gt; Administrative Templates -&gt; Microsoft Office 2013 (Machine) -&gt; Security Settings -&gt; IE Security "Navigate URL" to "Enabled" and place a check in the 'onent.exe' check box.</fixtext><fix id="F-45800r713563_fix" /><check system="C-45843r713562_chk"><check-content-ref href="Microsoft_OneNote_2013_STIG.xml" name="M" /><check-content>Verify the policy value for Computer Configuration -&gt; Administrative Templates -&gt; Microsoft Office 2013 (Machine) -&gt; Security Settings -&gt; IE Security "Navigate URL" is set to "Enabled" and a check in the 'onent.exe' check box is selected.


Procedure: Use the Windows Registry Editor to navigate to the following key: 

HKLM\Software\Microsoft\Internet Explorer\Main\FeatureControl\FEATURE_VALIDATE_NAVIGATE_URL

Criteria: If the value onenote.exe is REG_DWORD = 1, this is not a finding.</check-content></check></Rule></Group><Group id="V-242569"><title>SRG-APP-000112</title><description>&lt;GroupDescription&gt;&lt;/GroupDescription&gt;</description><Rule id="SV-242569r960921_rule" weight="10.0" severity="medium"><version>DTOO124</version><title>Scripted Window Security must be enforced.</title><description>&lt;VulnDiscussion&gt;Malicious websites often try to confuse or trick users into giving a site permission to perform an action allowing the site to take control of the users' computers in some manner. Disabling or not configuring this setting allows unknown websites to:
-Create browser windows appearing to be from the local operating system.
-Draw active windows displaying outside of the viewable areas of the screen capturing keyboard input.
-Overlay parent windows with their own browser windows to hide important system information, choices or prompts.&lt;/VulnDiscussion&gt;&lt;FalsePositives&gt;&lt;/FalsePositives&gt;&lt;FalseNegatives&gt;&lt;/FalseNegatives&gt;&lt;Documentable&gt;false&lt;/Documentable&gt;&lt;Mitigations&gt;&lt;/Mitigations&gt;&lt;SeverityOverrideGuidance&gt;&lt;/SeverityOverrideGuidance&gt;&lt;PotentialImpacts&gt;&lt;/PotentialImpacts&gt;&lt;ThirdPartyTools&gt;&lt;/ThirdPartyTools&gt;&lt;MitigationControl&gt;&lt;/MitigationControl&gt;&lt;Responsibility&gt;&lt;/Responsibility&gt;&lt;IAControls&gt;&lt;/IAControls&gt;</description><reference><dc:title>DPMS Target Microsoft OneNote 2013</dc:title><dc:publisher>DISA</dc:publisher><dc:type>DPMS Target</dc:type><dc:subject>Microsoft OneNote 2013</dc:subject><dc:identifier>5380</dc:identifier></reference><ident system="http://cyber.mil/legacy">V-17184</ident><ident system="http://cyber.mil/legacy">SV-52784</ident><ident system="http://cyber.mil/cci">CCI-001695</ident><fixtext fixref="F-45801r713566_fix">Set the policy value for Computer Configuration -&gt; Administrative Templates -&gt; Microsoft Office 2013 (Machine) -&gt; Security Settings -&gt; IE Security "Scripted Window Security Restrictions" to "Enabled" and 'onent.exe' is checked.</fixtext><fix id="F-45801r713566_fix" /><check system="C-45844r713565_chk"><check-content-ref href="Microsoft_OneNote_2013_STIG.xml" name="M" /><check-content>Verify the policy value for Computer Configuration -&gt; Administrative Templates -&gt; Microsoft Office 2013 (Machine) -&gt; Security Settings -&gt; IE Security "Scripted Window Security Restrictions" is set to set to "Enabled" and 'onent.exe' is checked. 

Procedure: Use the Windows Registry Editor to navigate to the following key: 

HKLM\Software\Microsoft\Internet Explorer\Main\FeatureControl\FEATURE_WINDOW_RESTRICTIONS

Criteria: If the value onenote.exe is REG_DWORD = 1, this is not a finding.</check-content></check></Rule></Group><Group id="V-242570"><title>SRG-APP-000207</title><description>&lt;GroupDescription&gt;&lt;/GroupDescription&gt;</description><Rule id="SV-242570r961086_rule" weight="10.0" severity="medium"><version>DTOO126</version><title>Add-on Management functionality must be allowed.
</title><description>&lt;VulnDiscussion&gt;Internet Explorer add-ons are pieces of code, run in Internet Explorer, to provide additional functionality. Rogue add-ons may contain viruses or other malicious code. Disabling or not configuring this setting could allow malicious code or users to become active on user computers or the network. For example, a malicious user can monitor and then use keystrokes users type into Internet Explorer. Even legitimate add-ons may demand resources, compromising the performance of Internet Explorer, and the operating systems for user computers.&lt;/VulnDiscussion&gt;&lt;FalsePositives&gt;&lt;/FalsePositives&gt;&lt;FalseNegatives&gt;&lt;/FalseNegatives&gt;&lt;Documentable&gt;false&lt;/Documentable&gt;&lt;Mitigations&gt;&lt;/Mitigations&gt;&lt;SeverityOverrideGuidance&gt;&lt;/SeverityOverrideGuidance&gt;&lt;PotentialImpacts&gt;&lt;/PotentialImpacts&gt;&lt;ThirdPartyTools&gt;&lt;/ThirdPartyTools&gt;&lt;MitigationControl&gt;&lt;/MitigationControl&gt;&lt;Responsibility&gt;&lt;/Responsibility&gt;&lt;IAControls&gt;&lt;/IAControls&gt;</description><reference><dc:title>DPMS Target Microsoft OneNote 2013</dc:title><dc:publisher>DISA</dc:publisher><dc:type>DPMS Target</dc:type><dc:subject>Microsoft OneNote 2013</dc:subject><dc:identifier>5380</dc:identifier></reference><ident system="http://cyber.mil/legacy">V-26584</ident><ident system="http://cyber.mil/legacy">SV-52783</ident><ident system="http://cyber.mil/cci">CCI-001662</ident><fixtext fixref="F-45802r713569_fix">Set the policy value for Computer Configuration -&gt; Administrative Templates -&gt; Microsoft Office 2013 (Machine) -&gt; Security Settings -&gt; IE Security "Add-on Management" to "Enabled" and 'onent.exe' is checked.</fixtext><fix id="F-45802r713569_fix" /><check system="C-45845r713568_chk"><check-content-ref href="Microsoft_OneNote_2013_STIG.xml" name="M" /><check-content>Verify the policy value for Computer Configuration -&gt; Administrative Templates -&gt; Microsoft Office 2013 (Machine) -&gt; Security Settings -&gt; IE Security "Add-on Management" is set to set to "Enabled" and  'onent.exe' is checked. 

Procedure: Use the Windows Registry Editor to navigate to the following key: 

HKLM\Software\Microsoft\Internet Explorer\Main\FeatureControl\FEATURE_ADDON_MANAGEMENT

Criteria: If the value onenote.exe is REG_DWORD = 1, this is not a finding.</check-content></check></Rule></Group><Group id="V-242571"><title>SRG-APP-000207</title><description>&lt;GroupDescription&gt;&lt;/GroupDescription&gt;</description><Rule id="SV-242571r961086_rule" weight="10.0" severity="medium"><version>DTOO129</version><title>Links that invoke instances of Internet Explorer from within an Office product must be blocked.</title><description>&lt;VulnDiscussion&gt;The Pop-up Blocker feature in Internet Explorer can be used to block most unwanted pop-up and pop-under windows from appearing. This functionality can be controlled separately for instances of Internet Explorer spawned by Office applications (for example, if a user clicks a link in an Office document or selects a menu option that loads a web page). If the Pop-up Blocker is disabled, disruptive and potentially dangerous pop-up windows could load and present a security risk.&lt;/VulnDiscussion&gt;&lt;FalsePositives&gt;&lt;/FalsePositives&gt;&lt;FalseNegatives&gt;&lt;/FalseNegatives&gt;&lt;Documentable&gt;false&lt;/Documentable&gt;&lt;Mitigations&gt;&lt;/Mitigations&gt;&lt;SeverityOverrideGuidance&gt;&lt;/SeverityOverrideGuidance&gt;&lt;PotentialImpacts&gt;&lt;/PotentialImpacts&gt;&lt;ThirdPartyTools&gt;&lt;/ThirdPartyTools&gt;&lt;MitigationControl&gt;&lt;/MitigationControl&gt;&lt;Responsibility&gt;&lt;/Responsibility&gt;&lt;IAControls&gt;&lt;/IAControls&gt;</description><reference><dc:title>DPMS Target Microsoft OneNote 2013</dc:title><dc:publisher>DISA</dc:publisher><dc:type>DPMS Target</dc:type><dc:subject>Microsoft OneNote 2013</dc:subject><dc:identifier>5380</dc:identifier></reference><ident system="http://cyber.mil/legacy">V-17174</ident><ident system="http://cyber.mil/legacy">SV-52779</ident><ident system="http://cyber.mil/cci">CCI-001662</ident><fixtext fixref="F-45803r713572_fix">Set the policy value for Computer Configuration -&gt; Administrative Templates -&gt; Microsoft Office 2013 (Machine) -&gt; Security Settings -&gt; IE Security "Block popups" to "Enabled" and select 'onent.exe'.</fixtext><fix id="F-45803r713572_fix" /><check system="C-45846r713571_chk"><check-content-ref href="Microsoft_OneNote_2013_STIG.xml" name="M" /><check-content>Verify the policy value for Computer Configuration -&gt; Administrative Templates -&gt; Microsoft Office 2013 (Machine) -&gt; Security Settings -&gt; IE Security "Block popups" is set to "Enabled" and 'onent.exe' is checked. 

Procedure: Use the Windows Registry Editor to navigate to the following key: 

HKLM\Software\Microsoft\Internet Explorer\Main\FeatureControl\FEATURE_WEBOC_POPUPMANAGEMENT

Criteria: If the value onenote.exe is REG_DWORD = 1, this is not a finding.</check-content></check></Rule></Group><Group id="V-242572"><title>SRG-APP-000209</title><description>&lt;GroupDescription&gt;&lt;/GroupDescription&gt;</description><Rule id="SV-242572r961089_rule" weight="10.0" severity="medium"><version>DTOO132</version><title>File Downloads must be configured for proper restrictions.</title><description>&lt;VulnDiscussion&gt;Disabling this setting allows websites to present file download prompts via code without the user specifically initiating the download.  User preferences may also allow the download to occur without prompting or interaction with the user.  Even if Internet Explorer prompts the user to accept the download, some websites abuse this functionality.  Malicious websites may continually prompt users to download a file or present confusing dialog boxes to trick users into downloading or running a file.  If the download occurs and it contains malicious code, the code could become active on user computers or the network.&lt;/VulnDiscussion&gt;&lt;FalsePositives&gt;&lt;/FalsePositives&gt;&lt;FalseNegatives&gt;&lt;/FalseNegatives&gt;&lt;Documentable&gt;false&lt;/Documentable&gt;&lt;Mitigations&gt;&lt;/Mitigations&gt;&lt;SeverityOverrideGuidance&gt;&lt;/SeverityOverrideGuidance&gt;&lt;PotentialImpacts&gt;&lt;/PotentialImpacts&gt;&lt;ThirdPartyTools&gt;&lt;/ThirdPartyTools&gt;&lt;MitigationControl&gt;&lt;/MitigationControl&gt;&lt;Responsibility&gt;&lt;/Responsibility&gt;&lt;IAControls&gt;&lt;/IAControls&gt;</description><reference><dc:title>DPMS Target Microsoft OneNote 2013</dc:title><dc:publisher>DISA</dc:publisher><dc:type>DPMS Target</dc:type><dc:subject>Microsoft OneNote 2013</dc:subject><dc:identifier>5380</dc:identifier></reference><ident system="http://cyber.mil/legacy">V-26585</ident><ident system="http://cyber.mil/legacy">SV-52786</ident><ident system="http://cyber.mil/cci">CCI-001169</ident><fixtext fixref="F-45804r713575_fix">Set the policy value for Computer Configuration -&gt; Administrative Templates -&gt; Microsoft Office 2013 (Machine) -&gt; Security Settings -&gt; IE Security "Restrict File Download" to "Enabled" and 'onent.exe' is checked.</fixtext><fix id="F-45804r713575_fix" /><check system="C-45847r713574_chk"><check-content-ref href="Microsoft_OneNote_2013_STIG.xml" name="M" /><check-content>Verify the policy value for Computer Configuration -&gt; Administrative Templates -&gt; Microsoft Office 2013 (Machine) -&gt; Security Settings -&gt; IE Security "Restrict File Download" is set to set to "Enabled" and 'onent.exe' is checked. 

Procedure: Use the Windows Registry Editor to navigate to the following key: 

HKLM\Software\Microsoft\Internet Explorer\Main\FeatureControl\FEATURE_RESTRICT_FILEDOWNLOAD

Criteria: If the value onenote.exe is REG_DWORD = 1, this is not a finding.</check-content></check></Rule></Group><Group id="V-242573"><title>SRG-APP-000112</title><description>&lt;GroupDescription&gt;&lt;/GroupDescription&gt;</description><Rule id="SV-242573r960921_rule" weight="10.0" severity="medium"><version>DTOO209</version><title>Protection from zone elevation must be enforced.</title><description>&lt;VulnDiscussion&gt;Internet Explorer places restrictions on each web page users can use the browser to open. Web pages on a user's local computer have the fewest security restrictions and reside in the Local Machine zone, making this security zone a prime target for malicious users and code. Disabling or not configuring this setting could allow pages in the Internet zone to navigate to pages in the Local Machine zone to then run code to elevate privileges. This could allow malicious code or users to become active on user computers or the network.&lt;/VulnDiscussion&gt;&lt;FalsePositives&gt;&lt;/FalsePositives&gt;&lt;FalseNegatives&gt;&lt;/FalseNegatives&gt;&lt;Documentable&gt;false&lt;/Documentable&gt;&lt;Mitigations&gt;&lt;/Mitigations&gt;&lt;SeverityOverrideGuidance&gt;&lt;/SeverityOverrideGuidance&gt;&lt;PotentialImpacts&gt;&lt;/PotentialImpacts&gt;&lt;ThirdPartyTools&gt;&lt;/ThirdPartyTools&gt;&lt;MitigationControl&gt;&lt;/MitigationControl&gt;&lt;Responsibility&gt;&lt;/Responsibility&gt;&lt;IAControls&gt;&lt;/IAControls&gt;</description><reference><dc:title>DPMS Target Microsoft OneNote 2013</dc:title><dc:publisher>DISA</dc:publisher><dc:type>DPMS Target</dc:type><dc:subject>Microsoft OneNote 2013</dc:subject><dc:identifier>5380</dc:identifier></reference><ident system="http://cyber.mil/legacy">V-26588</ident><ident system="http://cyber.mil/legacy">SV-52782</ident><ident system="http://cyber.mil/cci">CCI-001695</ident><fixtext fixref="F-45805r713578_fix">Set the policy value for Computer Configuration -&gt; Administrative Templates -&gt; Microsoft Office 2013 (Machine) -&gt; Security Settings -&gt; IE Security "Protection From Zone Elevation" to "Enabled" and 'onent.exe' is checked.</fixtext><fix id="F-45805r713578_fix" /><check system="C-45848r713577_chk"><check-content-ref href="Microsoft_OneNote_2013_STIG.xml" name="M" /><check-content>Verify the policy value for Computer Configuration -&gt; Administrative Templates -&gt; Microsoft Office 2013 (Machine) -&gt; Security Settings -&gt; IE Security "Protection From Zone Elevation" is set to set to "Enabled" and 'onent.exe' is checked. 

Procedure: Use the Windows Registry Editor to navigate to the following key: 

HKLM\Software\Microsoft\Internet Explorer\Main\FeatureControl\FEATURE_ZONE_ELEVATION

Criteria: If the value onenote.exe is REG_DWORD = 1, this is not a finding.</check-content></check></Rule></Group><Group id="V-242574"><title>SRG-APP-000488</title><description>&lt;GroupDescription&gt;&lt;/GroupDescription&gt;</description><Rule id="SV-242574r961779_rule" weight="10.0" severity="medium"><version>DTOO211</version><title>ActiveX Installs must be configured for proper restriction.</title><description>&lt;VulnDiscussion&gt;Microsoft ActiveX controls allow unmanaged, unprotected code to run on the user computers. ActiveX controls do not run within a protected container in the browser like the other types of HTML or Microsoft Silverlight-based controls. Disabling or not configuring this setting does not block prompts for ActiveX control installations and these prompts display to users. This could allow malicious code to become active on user computers or the network.&lt;/VulnDiscussion&gt;&lt;FalsePositives&gt;&lt;/FalsePositives&gt;&lt;FalseNegatives&gt;&lt;/FalseNegatives&gt;&lt;Documentable&gt;false&lt;/Documentable&gt;&lt;Mitigations&gt;&lt;/Mitigations&gt;&lt;SeverityOverrideGuidance&gt;&lt;/SeverityOverrideGuidance&gt;&lt;PotentialImpacts&gt;&lt;/PotentialImpacts&gt;&lt;ThirdPartyTools&gt;&lt;/ThirdPartyTools&gt;&lt;MitigationControl&gt;&lt;/MitigationControl&gt;&lt;Responsibility&gt;&lt;/Responsibility&gt;&lt;IAControls&gt;&lt;/IAControls&gt;</description><reference><dc:title>DPMS Target Microsoft OneNote 2013</dc:title><dc:publisher>DISA</dc:publisher><dc:type>DPMS Target</dc:type><dc:subject>Microsoft OneNote 2013</dc:subject><dc:identifier>5380</dc:identifier></reference><ident system="http://cyber.mil/legacy">V-26586</ident><ident system="http://cyber.mil/legacy">SV-52787</ident><ident system="http://cyber.mil/cci">CCI-002460</ident><fixtext fixref="F-45806r713581_fix">Set the policy value for Computer Configuration -&gt; Administrative Templates -&gt; Microsoft Office 2013 (Machine) -&gt; Security Settings -&gt; IE Security "Restrict ActiveX Install" to "Enabled" and 'onent.exe' is checked.</fixtext><fix id="F-45806r713581_fix" /><check system="C-45849r713580_chk"><check-content-ref href="Microsoft_OneNote_2013_STIG.xml" name="M" /><check-content>Verify the policy value for Computer Configuration -&gt; Administrative Templates -&gt; Microsoft Office 2013 (Machine) -&gt; Security Settings -&gt; IE Security "Restrict ActiveX Install" is set to set to "Enabled" and 'onent.exe' is checked.

Procedure: Use the Windows Registry Editor to navigate to the following key: 

HKLM\Software\Microsoft\Internet Explorer\Main\FeatureControl\FEATURE_RESTRICT_ACTIVEXINSTALL

Criteria: If the value onenote.exe is REG_DWORD = 1, this is not a finding.</check-content></check></Rule></Group><Group id="V-270895"><title>SRG-APP-000456</title><description>&lt;GroupDescription&gt;&lt;/GroupDescription&gt;</description><Rule id="SV-270895r1055866_rule" weight="10.0" severity="high"><version>DTOO999-OneNote13</version><title>The version of OneNote running on the system must be a supported version.</title><description>&lt;VulnDiscussion&gt;Security flaws with software applications are discovered daily. Vendors are constantly updating and patching their products to address newly discovered security vulnerabilities. Organizations (including any contractor to the organization) are required to promptly install security-relevant software updates (e.g., patches, service packs, and hot fixes). Flaws discovered during security assessments, continuous monitoring, incident response activities, or information system error handling must also be addressed expeditiously.

Organization-defined time periods for updating security-relevant software may vary based on a variety of factors including, for example, the security category of the information system or the criticality of the update (i.e., severity of the vulnerability related to the discovered flaw).

This requirement will apply to software patch management solutions that are used to install patches across the enclave and also to applications themselves that are not part of that patch management solution. For example, many browsers today provide the capability to install their own patch software. Patch criticality, as well as system criticality will vary. Therefore, the tactical situations regarding the patch management process will also vary. This means that the time period used must be a configurable parameter. Time frames for application of security-relevant software updates may be dependent upon the Information Assurance Vulnerability Management (IAVM) process.

The application will be configured to check for and install security-relevant software updates within an identified time period from the availability of the update. The specific time period will be defined by an authoritative source (e.g., IAVM, CTOs, DTMs, and STIGs).&lt;/VulnDiscussion&gt;&lt;FalsePositives&gt;&lt;/FalsePositives&gt;&lt;FalseNegatives&gt;&lt;/FalseNegatives&gt;&lt;Documentable&gt;false&lt;/Documentable&gt;&lt;Mitigations&gt;&lt;/Mitigations&gt;&lt;SeverityOverrideGuidance&gt;&lt;/SeverityOverrideGuidance&gt;&lt;PotentialImpacts&gt;&lt;/PotentialImpacts&gt;&lt;ThirdPartyTools&gt;&lt;/ThirdPartyTools&gt;&lt;MitigationControl&gt;&lt;/MitigationControl&gt;&lt;Responsibility&gt;&lt;/Responsibility&gt;&lt;IAControls&gt;&lt;/IAControls&gt;</description><reference><dc:title>DPMS Target Microsoft OneNote 2013</dc:title><dc:publisher>DISA</dc:publisher><dc:type>DPMS Target</dc:type><dc:subject>Microsoft OneNote 2013</dc:subject><dc:identifier>5380</dc:identifier></reference><ident system="http://cyber.mil/cci">CCI-002605</ident><fixtext fixref="F-74837r1055865_fix">Upgrade to a supported version.</fixtext><fix id="F-74837r1055865_fix" /><check system="C-74936r1055864_chk"><check-content-ref href="Microsoft_OneNote_2013_STIG.xml" name="M" /><check-content>OneNote 2013 is no longer supported by the vendor. If the system is running OneNote 2013, this is a finding.</check-content></check></Rule></Group></Benchmark>