﻿<?xml version="1.0" encoding="utf-8"?>
<!--**************************************************************************************
This file contains answers for known opens and findings that cannot be evaluated through technical means.
<STIGComments Name> must match the STIG ShortName or Name in -ListSupportedProducts.  When a match is found, this answer file will automatically for the STIG.
<Vuln ID> is the STIG VulnID.  Multiple Vuln ID sections may be specified in a single Answer File.
<AnswerKey Name> is the name of the key assigned to the answer.  "DEFAULT" can be used to apply the comment to any asset.  Multiple AnswerKey Name sections may be configured within a single Vuln ID section.
  *Note: If the Answer Key matches the hostname *exactly*, it will supersede any other key for the Vulnerability ID.  
   Multiple hostnames can be used, separated by either a space or a comma.
<ExpectedStatus> is the initial status after the checklist is created.  Valid entries are "Not_Reviewed", "Open", "NotAFinding", and "Not_Applicable".
<ValidationCode> must be Powershell code that returns a True/False value or a PSCustomObject.  If blank, "true" is assumed.
  *Note: If Validation Code returns a PSCustomObject, the Object MUST contain both "Results" and "Valid" keys.  "Results" will be written to the Comments field of the STIG check.
<ValidTrueStatus> is the status the check should be set to if ValidationCode returns "true".  Valid entries are "Not_Reviewed", "Open", "NotAFinding", and "Not_Applicable".  If blank, <ExpectedStatus> is assumed.
<ValidTrueComment> is the verbiage to add to the Comments section if ValidationCode returns "true".
<ValidFalseStatus> is the status the check should be set to if ValidationCode DOES NOT return "true".  Valid entries are "Not_Reviewed", "Open", "NotAFinding", and "Not_Applicable".  If blank, <ExpectedStatus> is assumed.
<ValidFalseComment> is the verbiage to add to the Comments section if ValidationCode DOES NOT return "true".
**************************************************************************************-->
<STIGComments Name="_replace_with_stig_shortname_">
  <Vuln ID="V-00000">
    <!--Optionally enter STIG rule title as XML comment for easy reference-->
    <AnswerKey Name="_name_that_makes_sense_for_your_needs_or_may_also_be_'DEFAULT'_(see_comments_above)">
      <ExpectedStatus>Not_Reviewed</ExpectedStatus>
      <!--  Example valiation code returning a PSCustomObject
      <ValidationCode>$ValidationResults = [PSCustomObject]@{Results="";Valid=$False};$ValidationResults.Results="This is a test";$ValidationResults.Valid=$True;Return $ValidationResults</ValidationCode>
      -->
      <ValidationCode></ValidationCode>
      <ValidTrueStatus></ValidTrueStatus>
      <ValidTrueComment></ValidTrueComment>
      <ValidFalseStatus></ValidFalseStatus>
      <ValidFalseComment></ValidFalseComment>
    </AnswerKey>
  </Vuln>
</STIGComments>